Time,age_start,age_end,measure,draw_0,draw_1,draw_2,draw_3,draw_4,draw_5,draw_6,draw_7,draw_8,draw_9,draw_10,draw_11,draw_12,draw_13,draw_14,draw_15,draw_16,draw_17,draw_18,draw_19,draw_20,draw_21,draw_22,draw_23,draw_24,draw_25,draw_26,draw_27,draw_28,draw_29,draw_30,draw_31,draw_32,draw_33,draw_34,draw_35,draw_36,draw_37,draw_38,draw_39,draw_40,draw_41,draw_42,draw_43,draw_44,draw_45,draw_46,draw_47,draw_48,draw_49,draw_50,draw_51,draw_52,draw_53,draw_54,draw_55,draw_56,draw_57,draw_58,draw_59,draw_60,draw_61,draw_62,draw_63,draw_64,draw_65,draw_66,draw_67,draw_68,draw_69,draw_70,draw_71,draw_72,draw_73,draw_74,draw_75,draw_76,draw_77,draw_78,draw_79,draw_80,draw_81,draw_82,draw_83,draw_84,draw_85,draw_86,draw_87,draw_88,draw_89,draw_90,draw_91,draw_92,draw_93,draw_94,draw_95,draw_96,draw_97,draw_98,draw_99,draw_100,draw_101,draw_102,draw_103,draw_104,draw_105,draw_106,draw_107,draw_108,draw_109,draw_110,draw_111,draw_112,draw_113,draw_114,draw_115,draw_116,draw_117,draw_118,draw_119,draw_120,draw_121,draw_122,draw_123,draw_124,draw_125,draw_126,draw_127,draw_128,draw_129,draw_130,draw_131,draw_132,draw_133,draw_134,draw_135,draw_136,draw_137,draw_138,draw_139,draw_140,draw_141,draw_142,draw_143,draw_144,draw_145,draw_146,draw_147,draw_148,draw_149,draw_150,draw_151,draw_152,draw_153,draw_154,draw_155,draw_156,draw_157,draw_158,draw_159,draw_160,draw_161,draw_162,draw_163,draw_164,draw_165,draw_166,draw_167,draw_168,draw_169,draw_170,draw_171,draw_172,draw_173,draw_174,draw_175,draw_176,draw_177,draw_178,draw_179,draw_180,draw_181,draw_182,draw_183,draw_184,draw_185,draw_186,draw_187,draw_188,draw_189,draw_190,draw_191,draw_192,draw_193,draw_194,draw_195,draw_196,draw_197,draw_198,draw_199
1996,1,9,prevalence,0.01636904761904762,0.05172413793103448,0.0,0.0015748031496062992,0.0017211703958691911,0.004552352048558422,0.003134796238244514,0.0,0.003110419906687403,0.0015822784810126582,0.03814262023217247,0.001564945226917058,0.21451612903225806,0.0031847133757961785,0.0015479876160990713,0.07246376811594203,0.001607717041800643,0.0015220700152207,0.0,0.0,0.0,0.07792207792207792,0.030206677265500796,0.0,0.0,0.18449612403100776,0.0016181229773462784,0.0015313935681470138,0.04938271604938271,0.0,0.025757575757575757,0.06535947712418301,0.0,0.0030911901081916537,0.1465798045602606,0.0288,0.013050570962479609,0.0015772870662460567,0.0015360983102918587,0.00322061191626409,0.08466453674121406,0.0046875,0.0,0.08972267536704731,0.001488095238095238,0.0,0.001524390243902439,0.0032102728731942215,0.0015923566878980893,0.0,0.004651162790697674,0.0,0.01485148514851485,0.0,0.001607717041800643,0.0529595015576324,0.0,0.0016181229773462784,0.04100946372239748,0.0033613445378151263,0.0042796005706134095,0.17470881863560733,0.001607717041800643,0.06046511627906977,0.01129032258064516,0.17535545023696683,0.006289308176100629,0.008522727272727272,0.0140625,0.0,0.03179650238473768,0.0031545741324921135,0.05660377358490566,0.0015923566878980893,0.0046801872074883,0.0,0.0,0.07790143084260731,0.10114192495921696,0.003194888178913738,0.001567398119122257,0.0,0.0,0.0032310177705977385,0.0,0.0,0.0030816640986132513,0.0,0.05343511450381679,0.12828947368421054,0.0,0.003105590062111801,0.0,0.0015455950540958269,0.009950248756218905,0.11556240369799692,0.0,0.0015748031496062992,0.001584786053882726,0.004694835680751174,0.003110419906687403,0.085667215815486,0.001557632398753894,0.0015455950540958269,0.001564945226917058,0.001579778830963665,0.0,0.12082670906200318,0.09305993690851735,0.03987240829346093,0.0015552099533437014,0.008077544426494346,0.0016233766233766235,0.0015723270440251573,0.003355704697986577,0.2317262830482115,0.0016666666666666668,0.0,0.0016339869281045752,0.0,0.011940298507462687,0.0015151515151515152,0.0015105740181268882,0.07644305772230889,0.05829596412556054,0.0015128593040847202,0.0,0.0016286644951140066,0.004437869822485207,0.0,0.07596899224806201,0.025757575757575757,0.02768729641693811,0.07201309328968904,0.07472178060413355,0.014084507042253521,0.004815409309791332,0.0,0.045454545454545456,0.0249609984399376,0.11338582677165354,0.07017543859649122,0.0015060240963855422,0.10623946037099494,0.0,0.04111842105263158,0.0,0.02287581699346405,0.003424657534246575,0.05379746835443038,0.07378335949764521,0.08507462686567165,0.0016233766233766235,0.014684287812041116,0.0,0.168,0.0,0.006201550387596899,0.0992,0.016339869281045753,0.08116385911179173,0.028875379939209727,0.0031007751937984496,0.0,0.024691358024691357,0.010819165378670788,0.0031847133757961785,0.04283604135893648,0.030303030303030304,0.03877221324717286,0.0034782608695652175,0.009884678747940691,0.0031201248049922,0.0016366612111292963,0.0016339869281045752,0.03691813804173355,0.06200317965023847,0.05426356589147287,0.06521739130434782,0.0015060240963855422,0.03955696202531646,0.0628099173553719,0.003067484662576687,0.04179566563467492,0.07877813504823152,0.0015723270440251573,0.0031645569620253164,0.0,0.0,0.05374592833876222,0.0031446540880503146,0.0,0.0,0.10542168674698796,0.05007587253414264,0.0,0.04538799414348463,0.016025641025641024,0.0015479876160990713,0.057283142389525366
1997,1,9,prevalence,0.016819571865443424,0.08792846497764531,0.00333889816360601,0.001607717041800643,0.003424657534246575,0.006493506493506494,0.004918032786885246,0.0,0.0016286644951140066,0.0016129032258064516,0.023769100169779286,0.0016051364365971107,0.26245847176079734,0.00322061191626409,0.001692047377326565,0.048027444253859346,0.0,0.0032258064516129032,0.0,0.0015822784810126582,0.0,0.08644067796610169,0.03387096774193549,0.0,0.0,0.13247172859450726,0.0017035775127768314,0.001594896331738437,0.04869565217391304,0.0,0.01932367149758454,0.057724957555178265,0.0,0.003189792663476874,0.11912751677852348,0.03442340791738382,0.00676818950930626,0.0016666666666666668,0.0,0.0032258064516129032,0.06108202443280977,0.004885993485342019,0.0,0.09375,0.0,0.0,0.003134796238244514,0.0016638935108153079,0.001669449081803005,0.0,0.003305785123966942,0.001579778830963665,0.03367003367003367,0.0,0.003305785123966942,0.0629800307219662,0.001669449081803005,0.005067567567567568,0.048154093097913325,0.005136986301369863,0.007633587786259542,0.1771019677996422,0.0,0.06190476190476191,0.006711409395973154,0.1930116472545757,0.006493506493506494,0.007530120481927711,0.011382113821138212,0.0,0.036741214057507986,0.0015479876160990713,0.061514195583596214,0.0016750418760469012,0.008038585209003215,0.0015723270440251573,0.0016806722689075631,0.0642504118616145,0.09547738693467336,0.003289473684210526,0.0,0.0,0.0,0.0032520325203252032,0.0,0.0,0.0032414910858995136,0.001692047377326565,0.047619047619047616,0.10445205479452055,0.0,0.0016750418760469012,0.0,0.0016806722689075631,0.020869565217391306,0.1166936790923825,0.0016666666666666668,0.0015290519877675841,0.001639344262295082,0.0016051364365971107,0.0033613445378151263,0.10702341137123746,0.0034071550255536627,0.0016611295681063123,0.0016025641025641025,0.0016611295681063123,0.0014925373134328358,0.08823529411764706,0.07293354943273905,0.04304635761589404,0.001594896331738437,0.004878048780487805,0.001594896331738437,0.001584786053882726,0.0016556291390728477,0.21815286624203822,0.0017152658662092624,0.0,0.0016806722689075631,0.0,0.01866251944012442,0.0015408320493066256,0.0,0.07570977917981073,0.07740916271721959,0.001610305958132045,0.0,0.0017241379310344827,0.006230529595015576,0.0,0.07898894154818326,0.016233766233766232,0.02145214521452145,0.07704918032786885,0.07563025210084033,0.035483870967741936,0.008319467554076539,0.0,0.04318936877076412,0.022690437601296597,0.12044374009508717,0.07425742574257425,0.0015625,0.09369676320272573,0.0,0.05565217391304348,0.0,0.033391915641476276,0.001763668430335097,0.0397456279809221,0.08482871125611746,0.08150470219435736,0.0016501650165016502,0.018691588785046728,0.0,0.13856427378964942,0.0015625,0.01652892561983471,0.10634920634920635,0.03741496598639456,0.08892355694227769,0.017214397496087636,0.0015873015873015873,0.0,0.02564102564102564,0.019169329073482427,0.004909983633387889,0.0499219968798752,0.02336448598130841,0.044189852700491,0.003656307129798903,0.006745362563237774,0.003194888178913738,0.0017152658662092624,0.0017123287671232876,0.040268456375838924,0.042483660130718956,0.061389337641357025,0.04409448818897638,0.0016233766233766235,0.0352,0.0667779632721202,0.0032258064516129032,0.03436988543371522,0.05201342281879195,0.004838709677419355,0.003189792663476874,0.0,0.0,0.065,0.0032102728731942215,0.0,0.0,0.11038961038961038,0.0315955766192733,0.003134796238244514,0.031055900621118012,0.02533783783783784,0.0016155088852988692,0.06026058631921824
1998,1,9,prevalence,0.006191950464396285,0.08845577211394302,0.0017006802721088435,0.0016501650165016502,0.0033112582781456954,0.008389261744966443,0.004777070063694267,0.0,0.0016366612111292963,0.0016366612111292963,0.018612521150592216,0.001658374792703151,0.3399014778325123,0.004878048780487805,0.001658374792703151,0.06218487394957983,0.0016501650165016502,0.001607717041800643,0.0,0.011326860841423949,0.0,0.0975609756097561,0.04738562091503268,0.0,0.0,0.08210180623973727,0.0016666666666666668,0.0031746031746031746,0.04195804195804196,0.0,0.023140495867768594,0.047217537942664416,0.0,0.001607717041800643,0.07177814029363784,0.06457242582897033,0.006589785831960461,0.0016501650165016502,0.0,0.004754358161648178,0.06108202443280977,0.003205128205128205,0.0,0.07,0.0,0.0,0.0031496062992125984,0.0,0.0016501650165016502,0.0,0.005042016806722689,0.0016,0.02138157894736842,0.0,0.0033112582781456954,0.10925644916540213,0.0031645569620253164,0.005136986301369863,0.03727714748784441,0.0035087719298245615,0.009375,0.24911660777385158,0.0,0.04251968503937008,0.001718213058419244,0.16188870151770657,0.004893964110929853,0.012326656394453005,0.0,0.0,0.029780564263322883,0.0014858841010401188,0.055205047318611984,0.001692047377326565,0.006472491909385114,0.0015432098765432098,0.0016806722689075631,0.055105348460291734,0.14545454545454545,0.0017241379310344827,0.003215434083601286,0.0,0.0,0.003215434083601286,0.0,0.0016051364365971107,0.0031847133757961785,0.0034482758620689655,0.0672782874617737,0.0986159169550173,0.0,0.0,0.0,0.0016420361247947454,0.025423728813559324,0.18152350081037277,0.0016051364365971107,0.003179650238473768,0.0016666666666666668,0.0015822784810126582,0.0016233766233766235,0.155668358714044,0.0049504950495049506,0.0015600624024961,0.001567398119122257,0.0016051364365971107,0.001488095238095238,0.07037643207855974,0.0853462157809984,0.02593192868719611,0.0016181229773462784,0.0015748031496062992,0.0,0.0015698587127158557,0.0016611295681063123,0.1777059773828756,0.0016863406408094434,0.0,0.003395585738539898,0.0,0.04984894259818731,0.001519756838905775,0.001579778830963665,0.09090909090909091,0.05745341614906832,0.0,0.0,0.001669449081803005,0.0030959752321981426,0.0,0.060126582278481014,0.016051364365971106,0.019867549668874173,0.11920529801324503,0.08305647840531562,0.026984126984126985,0.00847457627118644,0.0,0.027960526315789474,0.027419354838709678,0.08653846153846154,0.06867671691792294,0.0032102728731942215,0.08319467554076539,0.0,0.05517241379310345,0.0,0.0231023102310231,0.0016891891891891893,0.02576489533011272,0.04754358161648178,0.11451612903225807,0.0016313213703099511,0.035256410256410256,0.0,0.12244897959183673,0.004651162790697674,0.0328125,0.09861325115562404,0.05460750853242321,0.06880733944954129,0.0109375,0.0016313213703099511,0.0,0.00794912559618442,0.034482758620689655,0.0016722408026755853,0.056162246489859596,0.032357473035439135,0.050505050505050504,0.0017857142857142857,0.00859106529209622,0.0031201248049922,0.0017123287671232876,0.0,0.051070840197693576,0.03678929765886288,0.035483870967741936,0.034161490683229816,0.0016313213703099511,0.03666666666666667,0.06942148760330578,0.003278688524590164,0.03739837398373984,0.039473684210526314,0.007886435331230283,0.003257328990228013,0.0,0.0,0.07729468599033816,0.0031746031746031746,0.0,0.0,0.06612903225806452,0.028391167192429023,0.001567398119122257,0.025236593059936908,0.022413793103448276,0.001607717041800643,0.0512396694214876
1999,1,9,prevalence,0.016897081413210446,0.07110438729198185,0.001697792869269949,0.0016722408026755853,0.0032310177705977385,0.008210180623973728,0.004885993485342019,0.0,0.0016129032258064516,0.001652892561983471,0.014827018121911038,0.001692047377326565,0.31527093596059114,0.004815409309791332,0.0,0.0457516339869281,0.001589825119236884,0.0,0.0,0.013888888888888888,0.0031645569620253164,0.10588235294117647,0.05172413793103448,0.0016025641025641025,0.0,0.0755336617405583,0.001692047377326565,0.0031446540880503146,0.040492957746478875,0.0,0.031825795644891124,0.03770491803278689,0.0,0.001589825119236884,0.09602649006622517,0.09265734265734266,0.006711409395973154,0.0,0.0,0.0032520325203252032,0.056218057921635436,0.003246753246753247,0.001736111111111111,0.06343906510851419,0.0,0.0,0.0015552099533437014,0.0031847133757961785,0.0049833887043189366,0.0,0.005263157894736842,0.0,0.02593192868719611,0.0,0.0032948929159802307,0.11314984709480122,0.004901960784313725,0.0034129692832764505,0.03064516129032258,0.001697792869269949,0.009448818897637795,0.1786339754816112,0.001610305958132045,0.0296875,0.0,0.1551433389544688,0.004975124378109453,0.012578616352201259,0.0,0.0,0.04709576138147567,0.0015060240963855422,0.03715170278637771,0.0033783783783783786,0.004672897196261682,0.0,0.0,0.05752961082910321,0.12520325203252033,0.003436426116838488,0.0033333333333333335,0.0,0.0,0.0033613445378151263,0.0,0.0016339869281045752,0.0015723270440251573,0.005253940455341506,0.09730538922155689,0.0730050933786078,0.0,0.0,0.0,0.0,0.018612521150592216,0.21202003338898165,0.001579778830963665,0.0046439628482972135,0.0016778523489932886,0.0015772870662460567,0.0016025641025641025,0.1099476439790576,0.003372681281618887,0.0015748031496062992,0.003169572107765452,0.001564945226917058,0.0015313935681470138,0.056572379367720464,0.10082644628099173,0.022508038585209004,0.0,0.001589825119236884,0.0,0.0015503875968992248,0.001597444089456869,0.11551155115511551,0.0,0.0,0.005016722408026756,0.0,0.04134762633996937,0.0015290519877675841,0.0015748031496062992,0.07753164556962025,0.04552845528455285,0.0,0.0,0.001639344262295082,0.0031645569620253164,0.0,0.06026058631921824,0.018151815181518153,0.0432,0.14052287581699346,0.07305194805194805,0.05180533751962323,0.011589403973509934,0.0,0.035830618892508145,0.04227642276422764,0.07763975155279502,0.07967479674796749,0.003278688524590164,0.059800664451827246,0.004524886877828055,0.06132879045996593,0.001564945226917058,0.02847571189279732,0.00338409475465313,0.02086677367576244,0.0224,0.1467304625199362,0.006568144499178982,0.024350649350649352,0.0,0.10491803278688525,0.0016366612111292963,0.021806853582554516,0.04984423676012461,0.06156405990016639,0.045941807044410414,0.022151898734177215,0.001610305958132045,0.0,0.0016260162601626016,0.0878594249201278,0.004934210526315789,0.05409582689335394,0.027149321266968326,0.04411764705882353,0.0017421602787456446,0.006779661016949152,0.0016181229773462784,0.0016891891891891893,0.0,0.05057096247960848,0.03826955074875208,0.033925686591276254,0.02247191011235955,0.0032679738562091504,0.031096563011456628,0.05115511551155116,0.0016366612111292963,0.04516129032258064,0.05289256198347107,0.004754358161648178,0.003169572107765452,0.0016420361247947454,0.0,0.05853658536585366,0.0016260162601626016,0.0,0.0,0.05921052631578947,0.03554868624420402,0.0,0.03215434083601286,0.025728987993138937,0.0016129032258064516,0.05663430420711974
2000,1,9,prevalence,0.007704160246533128,0.06912442396313365,0.001692047377326565,0.0,0.0031645569620253164,0.003289473684210526,0.0032310177705977385,0.0,0.0,0.001658374792703151,0.012861736334405145,0.0,0.24509803921568626,0.004815409309791332,0.0,0.027419354838709678,0.001597444089456869,0.0,0.0,0.024615384615384615,0.003129890453834116,0.10562180579216354,0.049679487179487176,0.003246753246753247,0.0,0.0632279534109817,0.0,0.0016051364365971107,0.04085257548845471,0.0,0.03225806451612903,0.02152317880794702,0.0,0.00315955766192733,0.10491803278688525,0.09572649572649573,0.008305647840531562,0.0,0.0,0.00641025641025641,0.0347682119205298,0.003215434083601286,0.003316749585406302,0.08193979933110368,0.0,0.0015290519877675841,0.001564945226917058,0.0030959752321981426,0.006578947368421052,0.0,0.00528169014084507,0.0,0.03376205787781351,0.0,0.0016313213703099511,0.13897280966767372,0.008116883116883116,0.0034071550255536627,0.017377567140600316,0.0034423407917383822,0.01854714064914992,0.13652482269503546,0.0032,0.012598425196850394,0.0,0.16216216216216217,0.0033003300330033004,0.01567398119122257,0.0016611295681063123,0.0,0.04472843450479233,0.0014925373134328358,0.04608294930875576,0.005084745762711864,0.006269592476489028,0.0,0.0,0.05823627287853577,0.16225165562913907,0.0034129692832764505,0.0032310177705977385,0.0,0.0015060240963855422,0.0016286644951140066,0.0,0.0016181229773462784,0.0016181229773462784,0.0035460992907801418,0.07854984894259819,0.11327433628318584,0.0015455950540958269,0.0,0.0,0.0,0.011945392491467578,0.21774193548387097,0.0031201248049922,0.004615384615384616,0.0,0.001557632398753894,0.0016051364365971107,0.11284722222222222,0.0032310177705977385,0.0015873015873015873,0.0015772870662460567,0.0015625,0.0030721966205837174,0.0576271186440678,0.0701468189233279,0.033925686591276254,0.0,0.0030959752321981426,0.004672897196261682,0.0015625,0.0,0.12224108658743633,0.0016638935108153079,0.0032310177705977385,0.00487012987012987,0.0015600624024961,0.06531881804043546,0.001557632398753894,0.0032310177705977385,0.10110584518167456,0.041254125412541254,0.0,0.0,0.0016835016835016834,0.0031847133757961785,0.0,0.046822742474916385,0.030252100840336135,0.057233704292527825,0.13658536585365855,0.08986928104575163,0.06220839813374806,0.004942339373970346,0.0016420361247947454,0.03241491085899514,0.02622950819672131,0.07598784194528875,0.08077544426494346,0.0033444816053511705,0.04426229508196721,0.010835913312693499,0.05387205387205387,0.0,0.027868852459016394,0.003424657534246575,0.03231017770597738,0.011254019292604502,0.1492776886035313,0.00505902192242833,0.006535947712418301,0.0,0.06655574043261231,0.004893964110929853,0.028846153846153848,0.03610675039246468,0.061461794019933555,0.04672897196261682,0.04160246533127889,0.0016155088852988692,0.0,0.001639344262295082,0.11235955056179775,0.005110732538330494,0.056074766355140186,0.030816640986132512,0.03600654664484452,0.0,0.008347245409015025,0.0,0.001694915254237288,0.0016891891891891893,0.03940886699507389,0.04208754208754209,0.033707865168539325,0.03035143769968051,0.003169572107765452,0.021775544388609715,0.0224,0.0,0.07974481658692185,0.039603960396039604,0.010736196319018405,0.001564945226917058,0.0033112582781456954,0.0,0.0825242718446602,0.0031746031746031746,0.0,0.0,0.05555555555555555,0.026234567901234566,0.0,0.03656597774244833,0.03806228373702422,0.0,0.06796116504854369
2001,1,9,prevalence,0.0016181229773462784,0.045171339563862926,0.0033444816053511705,0.0,0.0,0.0017064846416382253,0.0016,0.0,0.0,0.0016474464579901153,0.0234009360374415,0.001658374792703151,0.15721231766612642,0.0031645569620253164,0.0,0.028526148969889066,0.0016339869281045752,0.0,0.0,0.024615384615384615,0.0031201248049922,0.06271186440677966,0.0438871473354232,0.008064516129032258,0.0,0.03322259136212625,0.0,0.001579778830963665,0.04262877442273535,0.0016474464579901153,0.017271157167530225,0.022913256955810146,0.0,0.0015384615384615385,0.11908646003262642,0.10983606557377049,0.008278145695364239,0.004815409309791332,0.0,0.009569377990430622,0.031198686371100164,0.004830917874396135,0.0033222591362126247,0.1305785123966942,0.0,0.0015337423312883436,0.001519756838905775,0.001567398119122257,0.0049261083743842365,0.0,0.003355704697986577,0.0031847133757961785,0.04560260586319218,0.0,0.003395585738539898,0.16766467065868262,0.006220839813374806,0.0033500837520938024,0.015772870662460567,0.003683241252302026,0.014195583596214511,0.07504363001745201,0.0016286644951140066,0.014539579967689823,0.0,0.1289198606271777,0.0016366612111292963,0.003105590062111801,0.0049586776859504135,0.0,0.04777070063694268,0.0,0.03834355828220859,0.0034482758620689655,0.006269592476489028,0.0,0.0,0.03547297297297297,0.14165261382799327,0.00338409475465313,0.0031847133757961785,0.0,0.0,0.0016233766233766235,0.0,0.0016207455429497568,0.0016,0.0017391304347826088,0.07644305772230889,0.12521150592216582,0.0030959752321981426,0.0,0.0,0.0,0.023931623931623933,0.19269102990033224,0.0030721966205837174,0.0030165912518853697,0.0,0.0,0.001589825119236884,0.06951871657754011,0.0016556291390728477,0.0,0.0015822784810126582,0.001584786053882726,0.0015360983102918587,0.056572379367720464,0.06525285481239804,0.04220779220779221,0.0,0.0015313935681470138,0.003105590062111801,0.0015503875968992248,0.0,0.06010016694490818,0.0016366612111292963,0.0016556291390728477,0.0033500837520938024,0.0,0.07266982622432859,0.0031545741324921135,0.0016025641025641025,0.08077544426494346,0.05016722408026756,0.0,0.0,0.0,0.0,0.0,0.05040650406504065,0.04040404040404041,0.06466876971608833,0.10967741935483871,0.0987460815047022,0.057902973395931145,0.006622516556291391,0.0016233766233766235,0.0384,0.030744336569579287,0.05045871559633028,0.10084033613445378,0.001652892561983471,0.04508856682769726,0.006220839813374806,0.048903878583473864,0.0,0.025477707006369428,0.0,0.03054662379421222,0.011627906976744186,0.14052287581699346,0.008756567425569177,0.0064,0.0,0.03872053872053872,0.006493506493506494,0.02830188679245283,0.03169572107765452,0.07966101694915254,0.04327666151468315,0.03773584905660377,0.0,0.0,0.0016260162601626016,0.16057233704292528,0.001692047377326565,0.05927051671732523,0.022727272727272728,0.0380794701986755,0.0,0.0016835016835016834,0.0,0.0017006802721088435,0.003401360544217687,0.057432432432432436,0.02471169686985173,0.08609271523178808,0.023064250411861616,0.0016260162601626016,0.04020100502512563,0.024390243902439025,0.0016611295681063123,0.07455429497568881,0.031496062992125984,0.024883359253499222,0.0015527950310559005,0.006514657980456026,0.0016207455429497568,0.058823529411764705,0.006191950464396285,0.0,0.0,0.07216494845360824,0.01984732824427481,0.0,0.018092105263157895,0.029159519725557463,0.0,0.07830342577487764
2002,1,9,prevalence,0.0016556291390728477,0.023183925811437404,0.0016366612111292963,0.0,0.0,0.0017301038062283738,0.0015748031496062992,0.0016474464579901153,0.0,0.0016501650165016502,0.029921259842519685,0.003395585738539898,0.08943089430894309,0.0015625,0.0,0.02936630602782071,0.0016233766233766235,0.001564945226917058,0.0015432098765432098,0.01984732824427481,0.0047694753577106515,0.0805921052631579,0.045454545454545456,0.00487012987012987,0.001669449081803005,0.020202020202020204,0.0,0.0031645569620253164,0.029143897996357013,0.0016638935108153079,0.01718213058419244,0.02,0.0,0.0015220700152207,0.08305647840531562,0.07730263157894737,0.0049833887043189366,0.0016420361247947454,0.0,0.01238390092879257,0.024154589371980676,0.004815409309791332,0.00338409475465313,0.14827018121911037,0.0,0.0015455950540958269,0.0,0.0015822784810126582,0.003246753246753247,0.0,0.0016638935108153079,0.006289308176100629,0.07475083056478406,0.0034071550255536627,0.0032948929159802307,0.18981481481481483,0.0015479876160990713,0.0017064846416382253,0.04231974921630094,0.0017985611510791368,0.007961783439490446,0.061224489795918366,0.0,0.006472491909385114,0.0016778523489932886,0.11018363939899833,0.0,0.0015723270440251573,0.016,0.0,0.05863192182410423,0.0,0.03076923076923077,0.0035335689045936395,0.0061162079510703364,0.0,0.0,0.035,0.11802232854864433,0.0016611295681063123,0.0031645569620253164,0.0,0.0,0.0,0.0,0.0,0.0,0.0017391304347826088,0.05529225908372828,0.08637873754152824,0.0031645569620253164,0.0033613445378151263,0.0,0.0,0.0189328743545611,0.1956521739130435,0.0015290519877675841,0.0030581039755351682,0.0,0.0,0.0016420361247947454,0.04647160068846816,0.0,0.0032520325203252032,0.0015552099533437014,0.0016233766233766235,0.0016051364365971107,0.07925801011804384,0.04552845528455285,0.043973941368078175,0.0,0.0,0.0030959752321981426,0.0015772870662460567,0.0,0.058823529411764705,0.0016207455429497568,0.0017391304347826088,0.0016666666666666668,0.0,0.08500772797527048,0.0031847133757961785,0.0031645569620253164,0.0754414125200642,0.07037643207855974,0.0,0.001597444089456869,0.0,0.001557632398753894,0.0,0.05331179321486268,0.0273972602739726,0.05817610062893082,0.0848,0.05993690851735016,0.05112781954887218,0.008223684210526315,0.0016260162601626016,0.0440251572327044,0.0352,0.03785488958990536,0.12745098039215685,0.001658374792703151,0.050488599348534204,0.0015723270440251573,0.04406779661016949,0.0,0.03803486529318542,0.0,0.03064516129032258,0.018518518518518517,0.13866231647634583,0.017605633802816902,0.006589785831960461,0.0,0.03177257525083612,0.006578947368421052,0.02631578947368421,0.026729559748427674,0.07705192629815745,0.05045871559633028,0.050793650793650794,0.0,0.0,0.0,0.22491909385113268,0.004909983633387889,0.04327666151468315,0.016923076923076923,0.03135313531353135,0.0,0.0016501650165016502,0.0,0.0016666666666666668,0.0017574692442882249,0.02618657937806874,0.014331210191082803,0.09618573797678276,0.019966722129783693,0.0,0.049586776859504134,0.012965964343598054,0.003257328990228013,0.05756578947368421,0.028081123244929798,0.01615508885298869,0.0,0.004893964110929853,0.0032414910858995136,0.05084745762711865,0.014084507042253521,0.0,0.0015923566878980893,0.04679376083188908,0.025974025974025976,0.0,0.028985507246376812,0.027777777777777776,0.0,0.08062015503875969
2003,1,9,prevalence,0.0016420361247947454,0.02923076923076923,0.0016,0.0017094017094017094,0.0,0.0017331022530329288,0.0031397174254317113,0.0016474464579901153,0.0,0.0016129032258064516,0.0420032310177706,0.00333889816360601,0.10465116279069768,0.0,0.0,0.03668261562998405,0.0,0.0,0.001567398119122257,0.04940119760479042,0.0031847133757961785,0.10628019323671498,0.03863987635239567,0.001669449081803005,0.0016863406408094434,0.011804384485666104,0.0,0.00322061191626409,0.024822695035460994,0.0016420361247947454,0.02159468438538206,0.018092105263157895,0.0,0.0,0.09121621621621621,0.07178631051752922,0.005008347245409015,0.0033333333333333335,0.0,0.006259780907668232,0.004846526655896607,0.004830917874396135,0.0033333333333333335,0.11001642036124795,0.0015822784810126582,0.0015479876160990713,0.0,0.0032258064516129032,0.0031847133757961785,0.0,0.0032520325203252032,0.003278688524590164,0.10016420361247948,0.006802721088435374,0.0032414910858995136,0.16377952755905512,0.0015220700152207,0.006611570247933884,0.028481012658227847,0.0017761989342806395,0.017915309446254073,0.06440677966101695,0.0,0.004761904761904762,0.005025125628140704,0.09183673469387756,0.0,0.009230769230769232,0.01437699680511182,0.0,0.06785137318255251,0.001524390243902439,0.02996845425867508,0.0035211267605633804,0.0030816640986132513,0.0015923566878980893,0.0,0.03826955074875208,0.12032520325203253,0.00338409475465313,0.0030627871362940277,0.0,0.0015552099533437014,0.0,0.0015432098765432098,0.0,0.0015625,0.0016891891891891893,0.059190031152647975,0.08520900321543408,0.003125,0.003389830508474576,0.0,0.0,0.013245033112582781,0.174496644295302,0.0016,0.0030303030303030303,0.0,0.0,0.0016750418760469012,0.06710310965630115,0.0,0.0049504950495049506,0.0,0.0015873015873015873,0.0016638935108153079,0.08562197092084006,0.0384,0.05825242718446602,0.0,0.0,0.0015552099533437014,0.0,0.0016129032258064516,0.05555555555555555,0.0016025641025641025,0.0016778523489932886,0.0032414910858995136,0.001610305958132045,0.08452950558213716,0.0016155088852988692,0.003305785123966942,0.052132701421800945,0.06688963210702341,0.0,0.001589825119236884,0.0,0.00315955766192733,0.0,0.05351170568561873,0.018272425249169437,0.06635071090047394,0.09859154929577464,0.05564387917329094,0.03943217665615142,0.013179571663920923,0.003189792663476874,0.050393700787401574,0.007898894154818325,0.036065573770491806,0.10726072607260725,0.0033444816053511705,0.05825242718446602,0.0,0.03773584905660377,0.0016207455429497568,0.044444444444444446,0.0,0.013008130081300813,0.021996615905245348,0.11952861952861953,0.02072538860103627,0.0,0.0,0.06611570247933884,0.0016556291390728477,0.03894080996884735,0.025078369905956112,0.0779436152570481,0.06329113924050633,0.08493589743589744,0.0,0.0,0.0,0.22885572139303484,0.0016806722689075631,0.01726844583987441,0.019230769230769232,0.024350649350649352,0.0017123287671232876,0.0,0.0,0.0016611295681063123,0.0017064846416382253,0.03471074380165289,0.006309148264984227,0.07037643207855974,0.013266998341625208,0.0016233766233766235,0.04384485666104553,0.0049261083743842365,0.0,0.08970099667774087,0.03048780487804878,0.024350649350649352,0.0,0.003110419906687403,0.0033444816053511705,0.04187604690117253,0.00794912559618442,0.003401360544217687,0.0016501650165016502,0.026936026936026935,0.03577235772357724,0.0,0.02145214521452145,0.04310344827586207,0.0,0.0546875
2004,1,9,prevalence,0.001644736842105263,0.030497592295345103,0.0,0.0033783783783783786,0.0,0.0017211703958691911,0.0015503875968992248,0.001644736842105263,0.0,0.0016286644951140066,0.04472843450479233,0.001652892561983471,0.06957928802588997,0.0,0.0,0.0288,0.0,0.0,0.0015748031496062992,0.0867579908675799,0.003110419906687403,0.11392405063291139,0.03115264797507788,0.003246753246753247,0.001697792869269949,0.00505902192242833,0.0,0.0016420361247947454,0.018867924528301886,0.0016313213703099511,0.022033898305084745,0.032679738562091505,0.0015455950540958269,0.0,0.07692307692307693,0.051696284329563816,0.0016891891891891893,0.003189792663476874,0.0,0.004754358161648178,0.009693053311793215,0.0048543689320388345,0.001589825119236884,0.1490787269681742,0.0016051364365971107,0.0015527950310559005,0.0,0.00487012987012987,0.001594896331738437,0.0031847133757961785,0.001652892561983471,0.0032258064516129032,0.1218274111675127,0.0033500837520938024,0.00315955766192733,0.16139240506329114,0.0015290519877675841,0.009819967266775777,0.01594896331738437,0.0033613445378151263,0.013223140495867768,0.08207705192629816,0.0,0.009615384615384616,0.001658374792703151,0.09443507588532883,0.0,0.014150943396226415,0.02511773940345369,0.0,0.052969502407704656,0.0015625,0.049206349206349205,0.0035398230088495575,0.0015174506828528073,0.004777070063694267,0.0,0.04081632653061224,0.1712,0.001694915254237288,0.0029895366218236174,0.0,0.0015479876160990713,0.0,0.0,0.0,0.0015600624024961,0.001658374792703151,0.059748427672955975,0.11974110032362459,0.003205128205128205,0.0033333333333333335,0.0,0.0,0.011589403973509934,0.10474631751227496,0.0015723270440251573,0.0031007751937984496,0.0,0.0,0.003284072249589491,0.11563517915309446,0.0,0.00338409475465313,0.0,0.0,0.0034423407917383822,0.0782472613458529,0.023696682464454975,0.07201309328968904,0.0,0.0,0.0015503875968992248,0.0,0.0,0.05387205387205387,0.003169572107765452,0.001607717041800643,0.0016474464579901153,0.0016420361247947454,0.07890499194847021,0.0,0.003372681281618887,0.0448,0.09149277688603531,0.0,0.0015503875968992248,0.001607717041800643,0.003169572107765452,0.0,0.06623586429725363,0.016891891891891893,0.05196850393700787,0.10651828298887123,0.0565149136577708,0.042483660130718956,0.024232633279483037,0.001597444089456869,0.03210272873194221,0.009508716323296355,0.04159733777038269,0.09286898839137644,0.0017035775127768314,0.03782894736842105,0.0,0.03626943005181347,0.0016233766233766235,0.043478260869565216,0.0017421602787456446,0.017857142857142856,0.02003338898163606,0.06473594548551959,0.03430531732418525,0.0,0.0,0.056910569105691054,0.001610305958132045,0.03210272873194221,0.026729559748427674,0.09328968903436989,0.04071661237785016,0.07308970099667775,0.0,0.0,0.0,0.1912479740680713,0.006589785831960461,0.022727272727272728,0.011128775834658187,0.014754098360655738,0.0017035775127768314,0.004777070063694267,0.0,0.0016233766233766235,0.003372681281618887,0.03486529318541997,0.0045871559633027525,0.060995184590690206,0.017857142857142856,0.0016638935108153079,0.04194630872483222,0.0,0.0,0.08094435075885328,0.03186646433990895,0.03425774877650897,0.0,0.004622496147919877,0.0033003300330033004,0.04477611940298507,0.006611570247933884,0.010256410256410256,0.001697792869269949,0.011666666666666667,0.05132450331125828,0.0,0.017035775127768313,0.05181347150259067,0.001564945226917058,0.056402439024390245
2005,1,9,prevalence,0.0,0.022950819672131147,0.0,0.003401360544217687,0.0,0.0034423407917383822,0.0,0.001669449081803005,0.0,0.001607717041800643,0.033386327503974564,0.0016611295681063123,0.1040650406504065,0.0,0.0,0.04754358161648178,0.0,0.003246753246753247,0.0016366612111292963,0.12143928035982009,0.003257328990228013,0.0991869918699187,0.04675716440422323,0.001669449081803005,0.001669449081803005,0.006700167504187605,0.001589825119236884,0.0016611295681063123,0.015332197614991482,0.0016051364365971107,0.03166666666666667,0.04426229508196721,0.0015552099533437014,0.0,0.05555555555555555,0.05638474295190713,0.001697792869269949,0.003236245954692557,0.0,0.004878048780487805,0.011326860841423949,0.004878048780487805,0.0,0.1342062193126023,0.0016260162601626016,0.0015384615384615385,0.0,0.0032102728731942215,0.0,0.001639344262295082,0.0016233766233766235,0.0016233766233766235,0.13344316309719934,0.004934210526315789,0.0048,0.15930599369085174,0.0015267175572519084,0.009836065573770493,0.016025641025641024,0.003236245954692557,0.008503401360544218,0.08652246256239601,0.0015600624024961,0.02090032154340836,0.0,0.08094435075885328,0.0,0.01584786053882726,0.02821316614420063,0.0,0.06199021207177814,0.0015267175572519084,0.05396825396825397,0.0017301038062283738,0.0015552099533437014,0.003194888178913738,0.0,0.04421768707482993,0.13290113452188007,0.0033783783783783786,0.0015337423312883436,0.0,0.0015503875968992248,0.0,0.0,0.0,0.001607717041800643,0.0,0.04153846153846154,0.139937106918239,0.0047694753577106515,0.0033500837520938024,0.0,0.0,0.018808777429467086,0.08809135399673736,0.0015873015873015873,0.0015337423312883436,0.0,0.0,0.001639344262295082,0.09813874788494077,0.0,0.003278688524590164,0.0,0.0015923566878980893,0.0017761989342806395,0.08846761453396525,0.014173228346456693,0.0845771144278607,0.0,0.0,0.001610305958132045,0.0,0.0,0.04118616144975288,0.0030816640986132513,0.0,0.0031847133757961785,0.0016835016835016834,0.0680379746835443,0.0,0.001639344262295082,0.031096563011456628,0.1302250803858521,0.0,0.0015552099533437014,0.0015698587127158557,0.001567398119122257,0.0017825311942959,0.05862646566164154,0.02127659574468085,0.0420032310177706,0.08293460925039872,0.09190031152647975,0.052202283849918436,0.03035143769968051,0.0030257186081694403,0.01507537688442211,0.007936507936507936,0.035830618892508145,0.09283387622149837,0.0017301038062283738,0.04065040650406504,0.011513157894736841,0.04647160068846816,0.0016778523489932886,0.04314329738058552,0.0017271157167530224,0.009933774834437087,0.01870748299319728,0.06040268456375839,0.04020100502512563,0.0,0.0,0.041935483870967745,0.001597444089456869,0.03894080996884735,0.030497592295345103,0.06844741235392321,0.0587248322147651,0.0899830220713073,0.0,0.0,0.0,0.16181229773462782,0.009708737864077669,0.020700636942675158,0.016025641025641024,0.01288244766505636,0.0016313213703099511,0.004807692307692308,0.0,0.0,0.001607717041800643,0.054313099041533544,0.007633587786259542,0.06799336650082918,0.016233766233766232,0.0016806722689075631,0.05396290050590219,0.006622516556291391,0.001607717041800643,0.07961783439490445,0.05359877488514548,0.04597701149425287,0.0,0.0,0.0032948929159802307,0.0462046204620462,0.003367003367003367,0.01335559265442404,0.0034542314335060447,0.01692047377326565,0.06026058631921824,0.0017271157167530224,0.0338409475465313,0.052901023890784986,0.0016051364365971107,0.062402496099843996
2006,1,9,prevalence,0.0,0.026622296173044926,0.0,0.0017452006980802793,0.0,0.0034542314335060447,0.0,0.0016638935108153079,0.0,0.001597444089456869,0.03179650238473768,0.0016806722689075631,0.13990461049284578,0.0,0.0,0.0544,0.0016313213703099511,0.00911854103343465,0.0,0.16216216216216217,0.0016556291390728477,0.07643312101910828,0.039634146341463415,0.001658374792703151,0.001692047377326565,0.0016501650165016502,0.0,0.0016501650165016502,0.010526315789473684,0.0015822784810126582,0.04118616144975288,0.04983388704318937,0.0015873015873015873,0.0014925373134328358,0.07179487179487179,0.04617834394904458,0.005154639175257732,0.0031746031746031746,0.0,0.006514657980456026,0.006420545746388443,0.0016366612111292963,0.0,0.07947019867549669,0.0016051364365971107,0.0,0.0031496062992125984,0.00333889816360601,0.0,0.0016556291390728477,0.0016,0.001644736842105263,0.1309328968903437,0.006633499170812604,0.004702194357366771,0.13946117274167988,0.0,0.0033500837520938024,0.016,0.0016501650165016502,0.020066889632107024,0.06807131280388978,0.003125,0.03588907014681892,0.001692047377326565,0.05737704918032787,0.0,0.004754358161648178,0.0218408736349454,0.0,0.048494983277591976,0.0015384615384615385,0.04390243902439024,0.0,0.001564945226917058,0.00315955766192733,0.0,0.021666666666666667,0.14285714285714285,0.0032414910858995136,0.0,0.0,0.001557632398753894,0.0,0.0,0.0,0.0016051364365971107,0.0,0.07230769230769231,0.14832535885167464,0.003189792663476874,0.003257328990228013,0.0,0.0,0.011182108626198083,0.06546644844517185,0.0,0.0,0.0,0.0,0.0016051364365971107,0.10490693739424704,0.003257328990228013,0.00338409475465313,0.001597444089456869,0.0015625,0.0017921146953405018,0.07936507936507936,0.01812688821752266,0.05825242718446602,0.0,0.0,0.0,0.0,0.0,0.040983606557377046,0.00315955766192733,0.0,0.0031645569620253164,0.0017006802721088435,0.07740916271721959,0.0,0.0016722408026755853,0.026402640264026403,0.18780096308186195,0.0,0.0,0.00463678516228748,0.0015174506828528073,0.0034904013961605585,0.051666666666666666,0.022764227642276424,0.04746835443037975,0.10260586319218241,0.06748466257668712,0.04658901830282862,0.03278688524590164,0.007716049382716049,0.006589785831960461,0.006379585326953748,0.05823627287853577,0.05152979066022544,0.001718213058419244,0.056291390728476824,0.027257240204429302,0.050347222222222224,0.0033333333333333335,0.04420731707317073,0.0017391304347826088,0.005067567567567568,0.020654044750430294,0.030844155844155844,0.02321724709784411,0.0,0.0017241379310344827,0.05314009661835749,0.0015772870662460567,0.03599374021909233,0.037037037037037035,0.05348460291734198,0.0757314974182444,0.07731958762886598,0.0,0.0,0.0,0.12121212121212122,0.0049261083743842365,0.024311183144246355,0.01751592356687898,0.00980392156862745,0.001584786053882726,0.0015748031496062992,0.0,0.0,0.0,0.042993630573248405,0.004552352048558422,0.06655844155844155,0.02287581699346405,0.0016501650165016502,0.05317324185248713,0.009787928221859706,0.001639344262295082,0.07413509060955518,0.03592814371257485,0.03215434083601286,0.0,0.0015313935681470138,0.0016501650165016502,0.056818181818181816,0.0033222591362126247,0.013333333333333334,0.0034542314335060447,0.014925373134328358,0.04416403785488959,0.001694915254237288,0.04833333333333333,0.039182282793867124,0.0016,0.059907834101382486
2007,1,9,prevalence,0.0016501650165016502,0.021666666666666667,0.0,0.0017271157167530224,0.001607717041800643,0.003395585738539898,0.0,0.0033003300330033004,0.0,0.001579778830963665,0.0265625,0.0017006802721088435,0.15396825396825398,0.0,0.0,0.06687898089171974,0.001610305958132045,0.004615384615384616,0.0,0.15193798449612403,0.0016556291390728477,0.071875,0.04813664596273292,0.0016666666666666668,0.0016666666666666668,0.001639344262295082,0.001607717041800643,0.0033333333333333335,0.011884550084889643,0.0015479876160990713,0.030303030303030304,0.05862646566164154,0.001644736842105263,0.0014992503748125937,0.059602649006622516,0.03459119496855346,0.006980802792321117,0.003189792663476874,0.0,0.006589785831960461,0.009538950715421303,0.0016129032258064516,0.0016260162601626016,0.07201309328968904,0.0015337423312883436,0.0,0.0,0.001639344262295082,0.0,0.004878048780487805,0.0015772870662460567,0.0016638935108153079,0.13517915309446255,0.006514657980456026,0.004709576138147566,0.1305732484076433,0.0015923566878980893,0.004893964110929853,0.018151815181518153,0.0016891891891891893,0.022653721682847898,0.08090614886731391,0.004629629629629629,0.03764320785597381,0.005025125628140704,0.04065040650406504,0.0,0.0016051364365971107,0.010819165378670788,0.0,0.07023411371237458,0.0015923566878980893,0.02159468438538206,0.0,0.0015128593040847202,0.0032520325203252032,0.0,0.01854974704890388,0.1658206429780034,0.004777070063694267,0.0,0.0,0.0015552099533437014,0.001594896331738437,0.0,0.0,0.0016722408026755853,0.0,0.06141732283464567,0.18856259659969088,0.003278688524590164,0.00322061191626409,0.0,0.0,0.012903225806451613,0.04012841091492777,0.0016207455429497568,0.0,0.0016207455429497568,0.0,0.0,0.09800664451827243,0.0049504950495049506,0.0034129692832764505,0.0016638935108153079,0.0015360983102918587,0.0018214936247723133,0.06041335453100159,0.016975308641975308,0.04669887278582931,0.0015625,0.0,0.0,0.0,0.0016339869281045752,0.0429042904290429,0.006472491909385114,0.0,0.0032,0.001718213058419244,0.09195402298850575,0.0,0.0016666666666666668,0.020168067226890758,0.1967741935483871,0.0,0.0,0.003194888178913738,0.0,0.0,0.04111842105263158,0.027419354838709678,0.030911901081916538,0.06902086677367576,0.05076923076923077,0.048494983277591976,0.03536977491961415,0.0077279752704791345,0.01658374792703151,0.0031446540880503146,0.061258278145695365,0.04220779220779221,0.0016722408026755853,0.07046979865771812,0.02861952861952862,0.038394415357766144,0.0016722408026755853,0.043209876543209874,0.0017543859649122807,0.0016638935108153079,0.020100502512562814,0.04318936877076412,0.02159468438538206,0.0,0.0016638935108153079,0.054455445544554455,0.0015625,0.022764227642276424,0.03333333333333333,0.030744336569579287,0.09930313588850175,0.064891846921797,0.0,0.0017421602787456446,0.0,0.08032786885245902,0.011345218800648298,0.016233766233766232,0.016638935108153077,0.012861736334405145,0.0015552099533437014,0.003110419906687403,0.001594896331738437,0.0,0.0016286644951140066,0.043478260869565216,0.0077279752704791345,0.06688417618270799,0.02711323763955343,0.0016366612111292963,0.03431372549019608,0.011532125205930808,0.0015772870662460567,0.06578947368421052,0.025373134328358207,0.04054054054054054,0.0,0.0015455950540958269,0.0016806722689075631,0.03209459459459459,0.0016722408026755853,0.011475409836065573,0.0,0.01468189233278956,0.05023547880690738,0.001669449081803005,0.046357615894039736,0.03814262023217247,0.001597444089456869,0.04777070063694268
2008,1,9,prevalence,0.009787928221859706,0.013675213675213675,0.001564945226917058,0.001736111111111111,0.003205128205128205,0.0034071550255536627,0.0,0.0016366612111292963,0.0,0.003048780487804878,0.01644736842105263,0.001694915254237288,0.2368839427662957,0.0,0.0016233766233766235,0.07062600321027288,0.001658374792703151,0.0061162079510703364,0.0,0.1423948220064725,0.0016181229773462784,0.10210696920583469,0.0436817472698908,0.0017006802721088435,0.001584786053882726,0.0,0.0016366612111292963,0.00333889816360601,0.016835016835016835,0.0032,0.016366612111292964,0.06343906510851419,0.0016181229773462784,0.001443001443001443,0.057283142389525366,0.03827751196172249,0.010676156583629894,0.0031645569620253164,0.0,0.004777070063694267,0.0064516129032258064,0.0,0.0016181229773462784,0.07317073170731707,0.0,0.001584786053882726,0.0,0.001639344262295082,0.0016129032258064516,0.00487012987012987,0.0015384615384615385,0.0016750418760469012,0.1468189233278956,0.0032258064516129032,0.003236245954692557,0.10569105691056911,0.001579778830963665,0.0033003300330033004,0.004702194357366771,0.0,0.016611295681063124,0.08292682926829269,0.0030911901081916537,0.018425460636515914,0.0034129692832764505,0.038834951456310676,0.0,0.012461059190031152,0.004658385093167702,0.004893964110929853,0.06745362563237774,0.0,0.039538714991762765,0.0,0.001567398119122257,0.0016474464579901153,0.0,0.013559322033898305,0.13043478260869565,0.004893964110929853,0.0,0.0,0.0015267175572519084,0.0015552099533437014,0.0,0.0,0.0033613445378151263,0.0,0.07188498402555911,0.18466353677621283,0.0032948929159802307,0.003284072249589491,0.0,0.0,0.008090614886731391,0.027287319422150885,0.0016260162601626016,0.0,0.001597444089456869,0.0,0.0,0.08739495798319327,0.0032626427406199023,0.003389830508474576,0.0033277870216306157,0.0015503875968992248,0.0017730496453900709,0.046583850931677016,0.015267175572519083,0.060755336617405585,0.0016025641025641025,0.0015625,0.0032258064516129032,0.0,0.0016233766233766235,0.02768729641693811,0.003278688524590164,0.0,0.003257328990228013,0.001644736842105263,0.09105431309904154,0.0,0.0,0.013651877133105802,0.19391025641025642,0.0,0.0,0.001579778830963665,0.0,0.0016891891891891893,0.06451612903225806,0.02527646129541864,0.030254777070063694,0.0889967637540453,0.04120443740095087,0.10252100840336134,0.022187004754358162,0.0031545741324921135,0.02321724709784411,0.004754358161648178,0.07084019769357495,0.03305785123966942,0.0016750418760469012,0.09271523178807947,0.032948929159802305,0.040421792618629174,0.0,0.03255813953488372,0.005376344086021506,0.0,0.013136288998357963,0.044374009508716325,0.024390243902439025,0.0,0.0016286644951140066,0.04492512479201331,0.0,0.02190923317683881,0.029921259842519685,0.011513157894736841,0.10598290598290598,0.05536912751677853,0.0,0.0017301038062283738,0.0,0.054009819967266774,0.0049504950495049506,0.017432646592709985,0.024834437086092714,0.006369426751592357,0.004739336492890996,0.008116883116883116,0.0016339869281045752,0.0,0.0016155088852988692,0.04918032786885246,0.0046439628482972135,0.06844741235392321,0.03194888178913738,0.003205128205128205,0.027960526315789474,0.012924071082390954,0.001589825119236884,0.07272727272727272,0.015060240963855422,0.05612244897959184,0.0,0.0015455950540958269,0.00338409475465313,0.022435897435897436,0.0033277870216306157,0.00794912559618442,0.0,0.011437908496732025,0.060221870047543584,0.003257328990228013,0.04455445544554455,0.034653465346534656,0.0,0.03099510603588907
2009,1,9,prevalence,0.0096,0.013769363166953529,0.0,0.001644736842105263,0.0016233766233766235,0.0033112582781456954,0.001564945226917058,0.0016207455429497568,0.0,0.003048780487804878,0.021346469622331693,0.0017094017094017094,0.33706070287539935,0.0,0.001579778830963665,0.05536912751677853,0.001639344262295082,0.004545454545454545,0.0,0.15619967793880837,0.0,0.08012820512820513,0.0483619344773791,0.0016806722689075631,0.001567398119122257,0.0016638935108153079,0.001697792869269949,0.0016501650165016502,0.02384737678855326,0.00322061191626409,0.01461038961038961,0.055284552845528454,0.004838709677419355,0.0,0.0576,0.02689873417721519,0.005199306759098787,0.00315955766192733,0.0,0.003179650238473768,0.009569377990430622,0.0,0.0016233766233766235,0.06341463414634146,0.0015384615384615385,0.0016129032258064516,0.0016474464579901153,0.003215434083601286,0.0032733224222585926,0.00794912559618442,0.0015527950310559005,0.0,0.13539967373572595,0.008103727714748784,0.0032,0.09508196721311475,0.0015552099533437014,0.004909983633387889,0.0016155088852988692,0.0032948929159802307,0.024916943521594685,0.08695652173913043,0.0031201248049922,0.024305555555555556,0.009950248756218905,0.06158833063209076,0.0,0.01594896331738437,0.0015432098765432098,0.004918032786885246,0.03859060402684564,0.0,0.02936096718480138,0.0,0.0,0.0015923566878980893,0.0,0.024179620034542316,0.10561056105610561,0.0032258064516129032,0.0,0.0,0.001564945226917058,0.001610305958132045,0.0,0.0,0.0033222591362126247,0.0,0.0784,0.11692307692307692,0.0032414910858995136,0.0032733224222585926,0.0,0.0,0.008210180623973728,0.025848142164781908,0.0016366612111292963,0.0,0.0015748031496062992,0.0,0.0,0.07781456953642384,0.003389830508474576,0.0034662045060658577,0.004942339373970346,0.001564945226917058,0.0017889087656529517,0.028616852146263912,0.025914634146341462,0.0743801652892562,0.003289473684210526,0.001564945226917058,0.01020408163265306,0.0,0.0016750418760469012,0.03409090909090909,0.003246753246753247,0.0,0.0033112582781456954,0.0016863406408094434,0.09870550161812297,0.0,0.0,0.013468013468013467,0.14423076923076922,0.0017152658662092624,0.0,0.001579778830963665,0.0015105740181268882,0.0017152658662092624,0.07739938080495357,0.014240506329113924,0.027642276422764227,0.07260726072607261,0.04595879556259905,0.11001642036124795,0.03134796238244514,0.0030959752321981426,0.02508361204013378,0.008051529790660225,0.05008347245409015,0.037037037037037035,0.0016155088852988692,0.1092436974789916,0.03870967741935484,0.04225352112676056,0.0,0.03260869565217391,0.005145797598627788,0.0,0.007861635220125786,0.03531300160513644,0.04390243902439024,0.0,0.0031746031746031746,0.027960526315789474,0.0,0.02909647779479326,0.03328050713153724,0.014802631578947368,0.09949409780775717,0.046357615894039736,0.0,0.0017761989342806395,0.001639344262295082,0.048494983277591976,0.004901960784313725,0.027777777777777776,0.03273322422258593,0.007974481658692184,0.009302325581395349,0.021103896103896104,0.0031545741324921135,0.0015455950540958269,0.001579778830963665,0.06199021207177814,0.006420545746388443,0.07768595041322314,0.037096774193548385,0.003305785123966942,0.035541195476575124,0.008333333333333333,0.0,0.0593900481540931,0.016442451420029897,0.04931972789115646,0.0,0.001557632398753894,0.0033783783783783786,0.02618657937806874,0.003395585738539898,0.0064,0.0,0.009884678747940691,0.08025682182985554,0.0016420361247947454,0.06132879045996593,0.03588907014681892,0.0015723270440251573,0.014106583072100314
2010,1,9,prevalence,0.0016313213703099511,0.010507880910683012,0.0,0.0016025641025641025,0.0,0.003278688524590164,0.0,0.0015873015873015873,0.0,0.0015503875968992248,0.021739130434782608,0.0,0.3553459119496855,0.0,0.0015923566878980893,0.06546644844517185,0.0016233766233766235,0.005997001499250375,0.0,0.1330128205128205,0.0,0.054945054945054944,0.052715654952076675,0.0017035775127768314,0.001567398119122257,0.001669449081803005,0.0,0.0,0.03179650238473768,0.001564945226917058,0.009375,0.038523274478330656,0.005067567567567568,0.0015220700152207,0.042071197411003236,0.026604068857589983,0.0032948929159802307,0.003125,0.0,0.0031847133757961785,0.013008130081300813,0.0,0.0,0.052805280528052806,0.003134796238244514,0.0015923566878980893,0.0033444816053511705,0.0016155088852988692,0.0,0.0061068702290076335,0.0015267175572519084,0.0,0.11774193548387096,0.014729950900163666,0.003194888178913738,0.08842443729903537,0.001584786053882726,0.00322061191626409,0.003205128205128205,0.0032258064516129032,0.02512562814070352,0.0946372239747634,0.003067484662576687,0.01926444833625219,0.013266998341625208,0.058637083993660855,0.0,0.022764227642276424,0.006201550387596899,0.004862236628849271,0.0333889816360601,0.0,0.018425460636515914,0.0,0.0,0.0016155088852988692,0.0,0.03709949409780776,0.08866995073891626,0.001594896331738437,0.0,0.0,0.0015408320493066256,0.0016260162601626016,0.0,0.0,0.0031446540880503146,0.0,0.0875,0.11042944785276074,0.0,0.0,0.0,0.0,0.008051529790660225,0.02377179080824089,0.0016666666666666668,0.0,0.0016556291390728477,0.0,0.0,0.07131011608623548,0.00505902192242833,0.003395585738539898,0.006430868167202572,0.0031847133757961785,0.0018050541516245488,0.032679738562091505,0.041666666666666664,0.056856187290969896,0.0033003300330033004,0.0016313213703099511,0.003367003367003367,0.0,0.001669449081803005,0.03403565640194489,0.0033112582781456954,0.0,0.0032733224222585926,0.0,0.08544303797468354,0.0,0.0,0.003472222222222222,0.10223642172523961,0.001652892561983471,0.0,0.0015408320493066256,0.0015105740181268882,0.0,0.08062015503875969,0.009478672985781991,0.03436988543371522,0.09405940594059406,0.056179775280898875,0.12331081081081081,0.02476780185758514,0.0031446540880503146,0.018487394957983194,0.004878048780487805,0.029950083194675542,0.06688963210702341,0.0016260162601626016,0.12773109243697478,0.07820299500831947,0.020942408376963352,0.0,0.01943198804185351,0.00505902192242833,0.0,0.004739336492890996,0.0423861852433281,0.06055900621118013,0.0,0.004739336492890996,0.029900332225913623,0.0,0.040880503144654086,0.04,0.014657980456026058,0.09165302782324058,0.044850498338870434,0.0033444816053511705,0.0035026269702276708,0.0016366612111292963,0.04455445544554455,0.001697792869269949,0.02329450915141431,0.03801652892561983,0.011400651465798045,0.011254019292604502,0.017915309446254073,0.003169572107765452,0.003125,0.001564945226917058,0.03770491803278689,0.013008130081300813,0.07107438016528926,0.03980891719745223,0.0032626427406199023,0.03650793650793651,0.0033003300330033004,0.0016260162601626016,0.03782894736842105,0.024844720496894408,0.05201342281879195,0.0,0.0015625,0.0033444816053511705,0.01788617886178862,0.0017064846416382253,0.015625,0.001669449081803005,0.024549918166939442,0.085667215815486,0.0016339869281045752,0.05975395430579965,0.039538714991762765,0.0,0.014446227929373997
2011,1,9,prevalence,0.0016366612111292963,0.012345679012345678,0.0,0.0015873015873015873,0.0,0.001652892561983471,0.003289473684210526,0.0015723270440251573,0.0,0.001557632398753894,0.013223140495867768,0.0,0.31761006289308175,0.0,0.001597444089456869,0.08305084745762711,0.0015923566878980893,0.0030534351145038168,0.0016556291390728477,0.1046875,0.0016313213703099511,0.052050473186119876,0.03492063492063492,0.0016835016835016834,0.0,0.0016638935108153079,0.0,0.0,0.034482758620689655,0.0,0.0128,0.029827315541601257,0.004975124378109453,0.002967359050445104,0.029556650246305417,0.02332814930015552,0.004885993485342019,0.0015873015873015873,0.0,0.003316749585406302,0.019261637239165328,0.0,0.0,0.0701468189233279,0.0031007751937984496,0.0016051364365971107,0.006802721088435374,0.0015822784810126582,0.0,0.00641025641025641,0.0,0.0049586776859504135,0.08385093167701864,0.004918032786885246,0.0,0.08121019108280254,0.0015360983102918587,0.001639344262295082,0.001594896331738437,0.0032102728731942215,0.02058319039451115,0.0819935691318328,0.003115264797507788,0.01950354609929078,0.0016207455429497568,0.04567699836867863,0.0016181229773462784,0.01631321370309951,0.003115264797507788,0.0032733224222585926,0.024916943521594685,0.003169572107765452,0.003305785123966942,0.0,0.0,0.0016181229773462784,0.0,0.021739130434782608,0.11274509803921569,0.0016155088852988692,0.0,0.0016556291390728477,0.0015479876160990713,0.0016207455429497568,0.0016778523489932886,0.0,0.00315955766192733,0.0,0.08517350157728706,0.09800918836140889,0.0,0.0,0.0,0.0,0.015822784810126583,0.03715170278637771,0.0,0.0,0.001644736842105263,0.001594896331738437,0.0,0.05414551607445008,0.003367003367003367,0.0032733224222585926,0.006568144499178982,0.001610305958132045,0.0,0.02922077922077922,0.054602184087363496,0.026058631921824105,0.001669449081803005,0.0031545741324921135,0.008347245409015025,0.0,0.0016286644951140066,0.03376205787781351,0.003284072249589491,0.0,0.003257328990228013,0.001639344262295082,0.06962025316455696,0.0,0.0,0.006791171477079796,0.0992,0.0016666666666666668,0.0,0.001564945226917058,0.0015290519877675841,0.0,0.12652439024390244,0.007751937984496124,0.049206349206349205,0.11833333333333333,0.05186385737439222,0.10243055555555555,0.012326656394453005,0.0016260162601626016,0.011824324324324325,0.001607717041800643,0.036243822075782535,0.04865771812080537,0.0,0.15435139573070608,0.08754208754208755,0.027164685908319185,0.0,0.013782542113323124,0.006779661016949152,0.0,0.010903426791277258,0.025914634146341462,0.05817610062893082,0.0,0.0048,0.04180602006688963,0.0,0.032362459546925564,0.048701298701298704,0.01011804384485666,0.10576923076923077,0.039538714991762765,0.001692047377326565,0.005128205128205128,0.0033003300330033004,0.03355704697986577,0.00333889816360601,0.009933774834437087,0.03618421052631579,0.012759170653907496,0.00966183574879227,0.011363636363636364,0.0032102728731942215,0.003194888178913738,0.001567398119122257,0.039383561643835614,0.006482982171799027,0.05619834710743802,0.040453074433656956,0.0032679738562091504,0.02689873417721519,0.006644518272425249,0.0016778523489932886,0.03442622950819672,0.05581395348837209,0.06710310965630115,0.0,0.0015822784810126582,0.0016556291390728477,0.016129032258064516,0.005263157894736842,0.01567398119122257,0.001589825119236884,0.011308562197092083,0.08056872037914692,0.0015822784810126582,0.07304347826086957,0.025356576862123614,0.0,0.02348993288590604
2012,1,9,prevalence,0.001597444089456869,0.01916376306620209,0.0,0.0,0.0,0.0016025641025641025,0.003395585738539898,0.0015698587127158557,0.0,0.003048780487804878,0.014354066985645933,0.0,0.1858267716535433,0.0,0.0016155088852988692,0.05344827586206897,0.0016129032258064516,0.003125,0.0016233766233766235,0.06220095693779904,0.0016891891891891893,0.06037151702786378,0.03894080996884735,0.0,0.0,0.003278688524590164,0.0,0.0,0.05555555555555555,0.0,0.01461038961038961,0.0109717868338558,0.001639344262295082,0.001488095238095238,0.025806451612903226,0.010736196319018405,0.006299212598425197,0.0,0.0,0.001639344262295082,0.01639344262295082,0.0,0.0,0.07246376811594203,0.0016129032258064516,0.001644736842105263,0.01353637901861252,0.0015822784810126582,0.0017123287671232876,0.006042296072507553,0.0,0.008051529790660225,0.08823529411764706,0.004893964110929853,0.0,0.09062003179650238,0.001594896331738437,0.0016474464579901153,0.004672897196261682,0.00322061191626409,0.011326860841423949,0.056451612903225805,0.003129890453834116,0.017857142857142856,0.0,0.026856240126382307,0.0032948929159802307,0.006600660066006601,0.001564945226917058,0.003246753246753247,0.011532125205930808,0.0016129032258064516,0.0033444816053511705,0.0,0.0,0.0,0.0,0.013513513513513514,0.13136288998357964,0.0016155088852988692,0.0,0.0,0.0015527950310559005,0.0033003300330033004,0.001644736842105263,0.0,0.0016339869281045752,0.0,0.052050473186119876,0.08082408874801902,0.0016233766233766235,0.0,0.0,0.0,0.009433962264150943,0.04141104294478527,0.0,0.0,0.0,0.0031446540880503146,0.0,0.04391891891891892,0.003355704697986577,0.0016181229773462784,0.004885993485342019,0.0016835016835016834,0.0,0.01652892561983471,0.040983606557377046,0.06003159557661927,0.0016638935108153079,0.0031446540880503146,0.008403361344537815,0.0,0.0,0.041050903119868636,0.004942339373970346,0.0,0.00333889816360601,0.0033003300330033004,0.07535321821036106,0.0,0.0,0.0017271157167530224,0.07906976744186046,0.001610305958132045,0.0,0.0,0.001579778830963665,0.0,0.1646153846153846,0.00782472613458529,0.07332293291731669,0.10887772194304858,0.031198686371100164,0.10784313725490197,0.004484304932735426,0.0,0.01779935275080906,0.0,0.02576489533011272,0.022336769759450172,0.0,0.18,0.061016949152542375,0.035,0.0,0.009146341463414634,0.004862236628849271,0.0,0.01740506329113924,0.01078582434514638,0.07476635514018691,0.0,0.0016233766233766235,0.04462809917355372,0.0,0.040625,0.03403565640194489,0.0050933786078098476,0.11388455538221529,0.05057096247960848,0.003284072249589491,0.0016891891891891893,0.0033222591362126247,0.045454545454545456,0.0033112582781456954,0.023255813953488372,0.038461538461538464,0.009836065573770493,0.011254019292604502,0.015822784810126583,0.0032258064516129032,0.003179650238473768,0.001594896331738437,0.07082630691399663,0.0032258064516129032,0.049069373942470386,0.046357615894039736,0.0015698587127158557,0.01910828025477707,0.0016750418760469012,0.0,0.04091653027823241,0.0576,0.06535947712418301,0.0,0.0016366612111292963,0.001644736842105263,0.017684887459807074,0.010169491525423728,0.01584786053882726,0.0015698587127158557,0.01935483870967742,0.05339805825242718,0.0015698587127158557,0.03709949409780776,0.0144,0.0,0.03927986906710311
2013,1,9,prevalence,0.001610305958132045,0.022336769759450172,0.0,0.0,0.0016260162601626016,0.0,0.0017301038062283738,0.0,0.0,0.003067484662576687,0.014195583596214511,0.0,0.11058451816745656,0.0,0.0015600624024961,0.050434782608695654,0.001567398119122257,0.0032102728731942215,0.0,0.061708860759493674,0.0017123287671232876,0.02830188679245283,0.037267080745341616,0.0,0.0015772870662460567,0.0032414910858995136,0.0,0.0,0.03864734299516908,0.0,0.009569377990430622,0.0045871559633027525,0.0,0.0015015015015015015,0.037914691943127965,0.004665629860031105,0.00794912559618442,0.0,0.0,0.0016233766233766235,0.006568144499178982,0.003436426116838488,0.0,0.08917197452229299,0.0016051364365971107,0.0015923566878980893,0.01644736842105263,0.0,0.0016611295681063123,0.006153846153846154,0.0,0.003194888178913738,0.05120481927710843,0.0032626427406199023,0.0,0.051036682615629984,0.001658374792703151,0.0016778523489932886,0.0031397174254317113,0.001658374792703151,0.011217948717948718,0.05098684210526316,0.001584786053882726,0.021937842778793418,0.0015772870662460567,0.014084507042253521,0.00322061191626409,0.0032258064516129032,0.0015873015873015873,0.0,0.00980392156862745,0.0016155088852988692,0.0032258064516129032,0.0,0.0016750418760469012,0.0,0.0,0.016474464579901153,0.12195121951219512,0.0031746031746031746,0.0,0.0,0.0016025641025641025,0.0016474464579901153,0.0032626427406199023,0.0,0.0016474464579901153,0.0016181229773462784,0.060653188180404355,0.06202723146747353,0.0015698587127158557,0.0,0.0015290519877675841,0.0,0.01904761904761905,0.0514018691588785,0.0,0.0,0.0,0.006482982171799027,0.0,0.04753820033955857,0.004885993485342019,0.0016051364365971107,0.003205128205128205,0.001658374792703151,0.0,0.011666666666666667,0.03980099502487562,0.051643192488262914,0.0033500837520938024,0.0016474464579901153,0.0049833887043189366,0.0,0.0,0.026402640264026403,0.0016666666666666668,0.0,0.0032414910858995136,0.0032102728731942215,0.075,0.0,0.0,0.0,0.056910569105691054,0.001610305958132045,0.0,0.0,0.001564945226917058,0.0,0.14067278287461774,0.009538950715421303,0.0706605222734255,0.07462686567164178,0.031879194630872486,0.10873146622734761,0.0030120481927710845,0.0,0.036544850498338874,0.0,0.0203125,0.0423728813559322,0.0032310177705977385,0.14735099337748345,0.061461794019933555,0.043973941368078175,0.0,0.003129890453834116,0.0031397174254317113,0.0,0.01901743264659271,0.004622496147919877,0.06351791530944625,0.0,0.0016366612111292963,0.031096563011456628,0.0,0.050381679389312976,0.01631321370309951,0.0017921146953405018,0.08166409861325115,0.049342105263157895,0.003316749585406302,0.003367003367003367,0.0033003300330033004,0.07952622673434856,0.008547008547008548,0.027375201288244767,0.03361344537815126,0.009917355371900827,0.008130081300813009,0.01910828025477707,0.0015822784810126582,0.003257328990228013,0.0016260162601626016,0.059322033898305086,0.0016806722689075631,0.03940886699507389,0.05509181969949917,0.0,0.009569377990430622,0.0033112582781456954,0.0,0.06589785831960461,0.06862745098039216,0.0630048465266559,0.0,0.0,0.0,0.022364217252396165,0.006802721088435374,0.014308426073131956,0.0031496062992125984,0.015772870662460567,0.05342237061769616,0.0015698587127158557,0.05631399317406143,0.02197802197802198,0.0016891891891891893,0.04383116883116883
2014,1,9,prevalence,0.0,0.03529411764705882,0.0,0.0,0.008,0.0,0.0017543859649122807,0.001524390243902439,0.0,0.0015698587127158557,0.0187207488299532,0.0,0.08025682182985554,0.0,0.001564945226917058,0.055077452667814115,0.0,0.0032733224222585926,0.0,0.058823529411764705,0.001697792869269949,0.02527646129541864,0.052547770700636945,0.0,0.003134796238244514,0.003246753246753247,0.0,0.0,0.054098360655737705,0.0,0.008064516129032258,0.0014970059880239522,0.0035460992907801418,0.0015408320493066256,0.029595015576323987,0.0030627871362940277,0.001584786053882726,0.0,0.0,0.001610305958132045,0.0033500837520938024,0.0,0.0,0.11075441412520064,0.001579778830963665,0.001610305958132045,0.012558869701726845,0.0,0.001658374792703151,0.0061068702290076335,0.0016051364365971107,0.0032,0.03303303303303303,0.0016556291390728477,0.0,0.048013245033112585,0.0,0.0016313213703099511,0.0015503875968992248,0.0016750418760469012,0.00966183574879227,0.0633116883116883,0.0016474464579901153,0.01763668430335097,0.001610305958132045,0.012598425196850394,0.0,0.006568144499178982,0.001610305958132045,0.0,0.009508716323296355,0.0016474464579901153,0.006557377049180328,0.0,0.003278688524590164,0.0,0.0,0.026143790849673203,0.08121019108280254,0.0015923566878980893,0.0,0.0,0.0016260162601626016,0.001579778830963665,0.0048,0.0,0.001589825119236884,0.001610305958132045,0.049766718506998445,0.06422018348623854,0.0,0.0016051364365971107,0.0,0.0,0.015313935681470138,0.030015797788309637,0.0,0.0,0.0,0.004878048780487805,0.0,0.023608768971332208,0.0032733224222585926,0.0016051364365971107,0.0016420361247947454,0.0,0.0,0.016556291390728478,0.046052631578947366,0.04665629860031104,0.0016339869281045752,0.0,0.006688963210702341,0.0,0.0,0.03436988543371522,0.001718213058419244,0.0015698587127158557,0.001644736842105263,0.003246753246753247,0.03745928338762215,0.0,0.0016129032258064516,0.0,0.07654723127035831,0.001564945226917058,0.0,0.0,0.0015455950540958269,0.0017064846416382253,0.14854517611026033,0.004942339373970346,0.052316890881913304,0.05387205387205387,0.02680067001675042,0.09045226130653267,0.0015220700152207,0.0,0.027823240589198037,0.0,0.02040816326530612,0.05344827586206897,0.004672897196261682,0.1314935064935065,0.05564924114671164,0.03436988543371522,0.0,0.004784688995215311,0.0032102728731942215,0.0,0.01620745542949757,0.0030075187969924814,0.057096247960848286,0.0,0.0,0.03672787979966611,0.0,0.051643192488262914,0.0282574568288854,0.0,0.08,0.05863192182410423,0.001639344262295082,0.00338409475465313,0.003389830508474576,0.10378912685337727,0.00333889816360601,0.009819967266775777,0.01174496644295302,0.0065252854812398045,0.004815409309791332,0.023183925811437404,0.0016233766233766235,0.0033112582781456954,0.001669449081803005,0.04280821917808219,0.0,0.03715670436187399,0.050335570469798654,0.0,0.01929260450160772,0.0,0.0,0.05862646566164154,0.07003257328990228,0.048701298701298704,0.0,0.0,0.0,0.011345218800648298,0.008605851979345954,0.012965964343598054,0.003067484662576687,0.007898894154818325,0.052969502407704656,0.006097560975609756,0.06156405990016639,0.015873015873015872,0.0016233766233766235,0.050080775444264945
2015,1,9,prevalence,0.001658374792703151,0.04462809917355372,0.0,0.0,0.004761904761904762,0.0,0.005110732538330494,0.0015384615384615385,0.0,0.001564945226917058,0.019938650306748466,0.0,0.07236842105263158,0.0015151515151515152,0.0,0.05172413793103448,0.0,0.0,0.001658374792703151,0.0512,0.003289473684210526,0.03322784810126582,0.03349282296650718,0.0,0.0030864197530864196,0.004901960784313725,0.0,0.0,0.04552845528455285,0.0,0.00975609756097561,0.0015313935681470138,0.0017211703958691911,0.001589825119236884,0.0374414976599064,0.003048780487804878,0.0015527950310559005,0.0,0.0,0.0016339869281045752,0.0016835016835016834,0.001718213058419244,0.0,0.0672,0.0032626427406199023,0.0016474464579901153,0.02857142857142857,0.0,0.001639344262295082,0.0061633281972265025,0.0016181229773462784,0.0032102728731942215,0.027649769585253458,0.0016207455429497568,0.0016722408026755853,0.05331179321486268,0.0,0.0015772870662460567,0.0015151515151515152,0.0016181229773462784,0.00964630225080386,0.09917355371900827,0.0,0.02079722703639515,0.0,0.011400651465798045,0.0,0.004918032786885246,0.0016286644951140066,0.0049504950495049506,0.007861635220125786,0.0,0.004862236628849271,0.0,0.0,0.0,0.0,0.02622950819672131,0.05727554179566564,0.0016,0.0,0.0,0.0016233766233766235,0.0016233766233766235,0.003189792663476874,0.0,0.0016051364365971107,0.001584786053882726,0.02358490566037736,0.06990881458966565,0.0,0.001607717041800643,0.0,0.0,0.00909090909090909,0.031496062992125984,0.0,0.0,0.0,0.0032414910858995136,0.001519756838905775,0.020134228187919462,0.0,0.0,0.001639344262295082,0.0,0.0,0.03826955074875208,0.04607508532423208,0.06396255850234009,0.001652892561983471,0.0,0.003430531732418525,0.0,0.0,0.04091653027823241,0.0016611295681063123,0.0,0.0016129032258064516,0.004918032786885246,0.027914614121510674,0.0016129032258064516,0.003169572107765452,0.0,0.0642504118616145,0.0,0.0,0.0015600624024961,0.0,0.0017730496453900709,0.14220183486238533,0.0034482758620689655,0.04878048780487805,0.054098360655737705,0.028764805414551606,0.06965174129353234,0.004651162790697674,0.0015723270440251573,0.032520325203252036,0.0,0.015873015873015872,0.03292894280762565,0.003110419906687403,0.12965964343598055,0.04020100502512563,0.038523274478330656,0.0,0.003169572107765452,0.003125,0.0,0.018092105263157895,0.0015313935681470138,0.03739837398373984,0.0,0.0,0.03459637561779242,0.0,0.04468412942989214,0.030015797788309637,0.0,0.06146926536731634,0.041050903119868636,0.0,0.001694915254237288,0.00338409475465313,0.0664451827242525,0.003305785123966942,0.014729950900163666,0.006546644844517185,0.00782472613458529,0.006493506493506494,0.02040816326530612,0.001589825119236884,0.0034423407917383822,0.0016313213703099511,0.04230118443316413,0.0016863406408094434,0.04383116883116883,0.03135313531353135,0.0,0.0187207488299532,0.015332197614991482,0.0,0.07213114754098361,0.06456953642384106,0.036741214057507986,0.0,0.0,0.0,0.016260162601626018,0.006968641114982578,0.004966887417218543,0.0030816640986132513,0.012403100775193798,0.05263157894736842,0.004651162790697674,0.058919803600654665,0.012539184952978056,0.0016025641025641025,0.058823529411764705
2016,1,9,prevalence,0.0016260162601626016,0.05718954248366013,0.0,0.0,0.007861635220125786,0.0,0.0050933786078098476,0.0029895366218236174,0.0,0.0,0.019908116385911178,0.0,0.07131011608623548,0.0015552099533437014,0.0,0.042444821731748725,0.0,0.00338409475465313,0.003284072249589491,0.03536977491961415,0.008264462809917356,0.048154093097913325,0.03870967741935484,0.0,0.003067484662576687,0.006546644844517185,0.0,0.0,0.03225806451612903,0.0016260162601626016,0.006359300476947536,0.0030864197530864196,0.001669449081803005,0.001564945226917058,0.04716981132075472,0.0030303030303030303,0.0015360983102918587,0.0,0.0,0.001607717041800643,0.0,0.003430531732418525,0.0,0.06260032102728733,0.0016207455429497568,0.003257328990228013,0.03296703296703297,0.0,0.0016155088852988692,0.001557632398753894,0.001567398119122257,0.0016233766233766235,0.0218408736349454,0.0016025641025641025,0.0016835016835016834,0.06924315619967794,0.0,0.001579778830963665,0.0015151515151515152,0.0015527950310559005,0.013245033112582781,0.09764309764309764,0.0,0.04452054794520548,0.0,0.0096,0.0016051364365971107,0.0048,0.0032520325203252032,0.0032733224222585926,0.0109717868338558,0.0,0.011308562197092083,0.0,0.0,0.0015290519877675841,0.0,0.03284072249589491,0.04953560371517028,0.0016233766233766235,0.0,0.0,0.0016501650165016502,0.0,0.0032310177705977385,0.0,0.0015313935681470138,0.0015923566878980893,0.017214397496087636,0.04953560371517028,0.0015698587127158557,0.001610305958132045,0.0,0.001597444089456869,0.013677811550151976,0.017080745341614908,0.0,0.0,0.0,0.0016339869281045752,0.003076923076923077,0.029159519725557463,0.0,0.0,0.0016025641025641025,0.0,0.0,0.066006600660066,0.05326460481099656,0.06528662420382166,0.001669449081803005,0.0,0.0016722408026755853,0.0,0.0,0.03571428571428571,0.0,0.0,0.001589825119236884,0.004862236628849271,0.019834710743801654,0.0016286644951140066,0.0032626427406199023,0.0,0.048939641109298535,0.0,0.0015082956259426848,0.003189792663476874,0.0,0.0,0.10452418096723869,0.0017482517482517483,0.03230769230769231,0.03758169934640523,0.02003338898163606,0.0425531914893617,0.0,0.0015698587127158557,0.03064516129032258,0.0,0.008,0.02054794520547945,0.0015772870662460567,0.06589785831960461,0.039792387543252594,0.02711323763955343,0.0,0.00322061191626409,0.0015503875968992248,0.0,0.011965811965811967,0.0,0.03305785123966942,0.0,0.0016863406408094434,0.02152317880794702,0.0,0.021439509954058193,0.0343213728549142,0.0,0.048265460030165915,0.033277870216306155,0.014423076923076924,0.0017094017094017094,0.0032679738562091504,0.058823529411764705,0.006535947712418301,0.011513157894736841,0.009404388714733543,0.0,0.004838709677419355,0.013846153846153847,0.001610305958132045,0.0017391304347826088,0.0016260162601626016,0.04643449419568822,0.0016638935108153079,0.058919803600654665,0.026622296173044926,0.0,0.014754098360655738,0.03814262023217247,0.0,0.07730263157894737,0.056666666666666664,0.039936102236421724,0.0,0.0,0.0015360983102918587,0.022328548644338118,0.010186757215619695,0.0033783783783783786,0.005961251862891207,0.009230769230769232,0.05379746835443038,0.001607717041800643,0.047987616099071206,0.004830917874396135,0.0016129032258064516,0.03940886699507389
2017,1,9,prevalence,0.0,0.048,0.0,0.0015037593984962407,0.009630818619582664,0.0,0.006837606837606838,0.0,0.0,0.0,0.021116138763197588,0.0,0.08415841584158416,0.0015455950540958269,0.0,0.061224489795918366,0.0,0.0033613445378151263,0.0016313213703099511,0.05305466237942122,0.025041736227045076,0.03543913713405239,0.04038772213247173,0.0,0.001524390243902439,0.011111111111111112,0.0,0.0,0.04662379421221865,0.001584786053882726,0.0,0.0046801872074883,0.001692047377326565,0.0016129032258064516,0.03622047244094488,0.0014992503748125937,0.0,0.0,0.0,0.0,0.0,0.0017123287671232876,0.0,0.0679304897314376,0.001658374792703151,0.00487012987012987,0.03627760252365931,0.0,0.0016129032258064516,0.0016051364365971107,0.003205128205128205,0.0016366612111292963,0.023547880690737835,0.0016233766233766235,0.0016891891891891893,0.06485671191553545,0.0,0.0,0.001594896331738437,0.0015360983102918587,0.011382113821138212,0.07401032702237521,0.0,0.04251700680272109,0.0,0.009538950715421303,0.0015822784810126582,0.008130081300813009,0.003205128205128205,0.0016501650165016502,0.014150943396226415,0.0,0.015050167224080268,0.0,0.0,0.0,0.0,0.0256,0.05084745762711865,0.003205128205128205,0.0,0.0,0.0,0.0,0.003115264797507788,0.0031446540880503146,0.0,0.0033333333333333335,0.027820710973724884,0.06349206349206349,0.0,0.0015822784810126582,0.0,0.00315955766192733,0.007587253414264037,0.014106583072100314,0.0,0.0,0.0,0.001594896331738437,0.002976190476190476,0.039603960396039604,0.0,0.0,0.0,0.0,0.0,0.06907894736842106,0.04778156996587031,0.05817610062893082,0.001644736842105263,0.0,0.0017094017094017094,0.0,0.0,0.05672609400324149,0.003257328990228013,0.0,0.0015772870662460567,0.0048,0.01658374792703151,0.012618296529968454,0.001652892561983471,0.0,0.03588907014681892,0.0,0.0030349013657056147,0.0016181229773462784,0.0,0.0,0.07453416149068323,0.0017761989342806395,0.02511773940345369,0.019672131147540985,0.027868852459016394,0.0464,0.0,0.0015408320493066256,0.031201248049921998,0.0,0.008305647840531562,0.038461538461538464,0.001524390243902439,0.05723905723905724,0.03951890034364261,0.021538461538461538,0.0,0.0068143100511073255,0.0015060240963855422,0.0,0.0136986301369863,0.0,0.0432,0.0,0.0016835016835016834,0.02680067001675042,0.0,0.017107309486780714,0.0464,0.001692047377326565,0.019696969696969695,0.031198686371100164,0.013422818791946308,0.0016750418760469012,0.003316749585406302,0.050434782608695654,0.0015408320493066256,0.018363939899833055,0.0208,0.0031645569620253164,0.004885993485342019,0.009244992295839754,0.0016420361247947454,0.0,0.0032733224222585926,0.05365853658536585,0.0,0.035541195476575124,0.03150912106135987,0.003194888178913738,0.014469453376205787,0.05090311986863711,0.0,0.04784688995215311,0.07730263157894737,0.03605015673981191,0.0,0.0,0.0015772870662460567,0.019261637239165328,0.013745704467353952,0.0016835016835016834,0.0045045045045045045,0.0015220700152207,0.046251993620414676,0.0016207455429497568,0.06031746031746032,0.003125,0.001584786053882726,0.02508361204013378
2018,1,9,prevalence,0.0032520325203252032,0.030110935023771792,0.0,0.003076923076923077,0.003215434083601286,0.0016722408026755853,0.0051813471502590676,0.0,0.0,0.0,0.022026431718061675,0.0,0.15764331210191082,0.0015128593040847202,0.0,0.05545927209705372,0.0,0.0034542314335060447,0.001669449081803005,0.06220095693779904,0.01639344262295082,0.05754276827371695,0.045813586097946286,0.0,0.0,0.014469453376205787,0.0,0.0,0.04355108877721943,0.0016051364365971107,0.0016181229773462784,0.0078125,0.001669449081803005,0.0016339869281045752,0.0282574568288854,0.0014970059880239522,0.0,0.0,0.0,0.0,0.0,0.0016155088852988692,0.0,0.04709576138147567,0.0,0.0032414910858995136,0.028346456692913385,0.0016233766233766235,0.0032310177705977385,0.0,0.00322061191626409,0.0032310177705977385,0.01529051987767584,0.003194888178913738,0.0,0.07291666666666667,0.0,0.0,0.0,0.0,0.01589825119236884,0.06608695652173913,0.0,0.03672787979966611,0.0,0.0110062893081761,0.001584786053882726,0.01282051282051282,0.003205128205128205,0.0016260162601626016,0.012441679626749611,0.0,0.009708737864077669,0.0,0.0,0.0,0.0,0.020700636942675158,0.06595092024539877,0.0032520325203252032,0.0,0.001557632398753894,0.0,0.0,0.0031446540880503146,0.003105590062111801,0.0015432098765432098,0.0016025641025641025,0.036334913112164295,0.0633116883116883,0.0,0.0,0.0,0.0031645569620253164,0.007704160246533128,0.0189873417721519,0.0,0.0,0.0,0.0015552099533437014,0.0030211480362537764,0.03494176372712146,0.0,0.0,0.0031746031746031746,0.0,0.0,0.0773109243697479,0.03859060402684564,0.0392156862745098,0.0,0.0,0.003305785123966942,0.0,0.0,0.05229793977812995,0.003289473684210526,0.0,0.0015600624024961,0.004754358161648178,0.02023608768971332,0.0208,0.00338409475465313,0.0,0.0392156862745098,0.0,0.0029411764705882353,0.0016286644951140066,0.0,0.0,0.10866141732283464,0.0017331022530329288,0.046474358974358976,0.014778325123152709,0.02280130293159609,0.04220779220779221,0.0,0.0015503875968992248,0.04075235109717868,0.0,0.013008130081300813,0.04538087520259319,0.0031545741324921135,0.052100840336134456,0.03442340791738382,0.02635658914728682,0.0,0.00676818950930626,0.0015267175572519084,0.0,0.008460236886632826,0.0,0.037337662337662336,0.0,0.0016611295681063123,0.02857142857142857,0.0,0.0234375,0.06290322580645161,0.0016420361247947454,0.027950310559006212,0.025974025974025976,0.011254019292604502,0.0016474464579901153,0.0016750418760469012,0.03754266211604096,0.0,0.031096563011456628,0.030694668820678513,0.0,0.004893964110929853,0.007776049766718507,0.0016666666666666668,0.0,0.00333889816360601,0.047775947281713346,0.0,0.05263157894736842,0.046052631578947366,0.0016129032258064516,0.009630818619582664,0.039538714991762765,0.0,0.045234248788368334,0.08237232289950576,0.014173228346456693,0.0,0.0,0.0015698587127158557,0.02047244094488189,0.013582342954159592,0.0,0.0029850746268656717,0.005961251862891207,0.06472491909385113,0.0016286644951140066,0.06624605678233439,0.0015600624024961,0.0015772870662460567,0.02023608768971332
2019,1,9,prevalence,0.0031746031746031746,0.01854714064914992,0.0,0.001557632398753894,0.006369426751592357,0.0016420361247947454,0.004893964110929853,0.0,0.0,0.0,0.020172910662824207,0.0,0.22792937399678972,0.0015337423312883436,0.0,0.06540447504302926,0.0,0.0051813471502590676,0.0016260162601626016,0.05161290322580645,0.015280135823429542,0.0861244019138756,0.059654631083202514,0.0,0.0,0.061224489795918366,0.0,0.0,0.04383116883116883,0.0016155088852988692,0.0032679738562091504,0.006420545746388443,0.0,0.0016155088852988692,0.04134762633996937,0.0015503875968992248,0.0,0.0,0.0,0.0,0.0,0.0034071550255536627,0.0,0.0512,0.0,0.0032414910858995136,0.03761755485893417,0.0016366612111292963,0.001589825119236884,0.0,0.003246753246753247,0.0032102728731942215,0.009202453987730062,0.0048,0.0,0.07076923076923076,0.0,0.0,0.0,0.0,0.012403100775193798,0.10101010101010101,0.0,0.035058430717863104,0.0,0.020249221183800622,0.0016556291390728477,0.009584664536741214,0.0015625,0.001589825119236884,0.015873015873015872,0.0,0.008237232289950576,0.0,0.0,0.0,0.0,0.006622516556291391,0.09022556390977443,0.003215434083601286,0.0,0.003129890453834116,0.0,0.0,0.0031446540880503146,0.0015600624024961,0.0015748031496062992,0.0015923566878980893,0.028708133971291867,0.07060755336617405,0.0,0.0,0.0,0.0015873015873015873,0.011182108626198083,0.034482758620689655,0.0,0.0016339869281045752,0.0015408320493066256,0.0015600624024961,0.0030075187969924814,0.04643449419568822,0.0,0.0,0.001597444089456869,0.0,0.0015873015873015873,0.07246376811594203,0.02680067001675042,0.05132192846034215,0.0,0.0,0.004878048780487805,0.0,0.0,0.07313195548489666,0.0065252854812398045,0.001652892561983471,0.0015384615384615385,0.004893964110929853,0.01485148514851485,0.022151898734177215,0.0016313213703099511,0.0,0.031825795644891124,0.0016207455429497568,0.0029455081001472753,0.0017064846416382253,0.0,0.0,0.09606299212598425,0.0017271157167530224,0.03464566929133858,0.011513157894736841,0.013333333333333334,0.03662420382165605,0.0,0.0015455950540958269,0.033816425120772944,0.0,0.012738853503184714,0.0328125,0.003115264797507788,0.04915254237288136,0.04276315789473684,0.01524390243902439,0.0,0.0034904013961605585,0.0030816640986132513,0.0,0.01487603305785124,0.0031645569620253164,0.027642276422764227,0.0,0.0016366612111292963,0.019966722129783693,0.001607717041800643,0.015384615384615385,0.07987220447284345,0.0016286644951140066,0.028616852146263912,0.02996845425867508,0.012718600953895072,0.0016835016835016834,0.0017241379310344827,0.020761245674740483,0.0,0.03636363636363636,0.044444444444444446,0.0044444444444444444,0.004934210526315789,0.0015698587127158557,0.001692047377326565,0.0,0.003289473684210526,0.06188925081433225,0.0,0.039619651347068144,0.06743421052631579,0.0016207455429497568,0.014778325123152709,0.02145214521452145,0.0,0.061514195583596214,0.050080775444264945,0.015772870662460567,0.0,0.0,0.0,0.009852216748768473,0.011725293132328308,0.003389830508474576,0.0015432098765432098,0.0075528700906344415,0.05844155844155844,0.0016420361247947454,0.04665629860031104,0.0015432098765432098,0.0016260162601626016,0.009983361064891847
2020,1,9,prevalence,0.003115264797507788,0.019877675840978593,0.0,0.0,0.003205128205128205,0.0016155088852988692,0.0016313213703099511,0.0015174506828528073,0.0,0.0,0.013062409288824383,0.0,0.24110032362459546,0.001607717041800643,0.0,0.06132879045996593,0.0,0.005128205128205128,0.0016207455429497568,0.05144694533762058,0.01517706576728499,0.09268292682926829,0.0828125,0.0,0.0,0.09105180533751962,0.0,0.0,0.05263157894736842,0.0032258064516129032,0.0032310177705977385,0.019417475728155338,0.0,0.0,0.016442451420029897,0.0,0.0015552099533437014,0.0,0.0,0.0,0.0,0.001692047377326565,0.0,0.04361873990306947,0.0,0.0031847133757961785,0.029595015576323987,0.0016313213703099511,0.0015748031496062992,0.0,0.0015552099533437014,0.001597444089456869,0.001524390243902439,0.0048543689320388345,0.0,0.07131782945736434,0.0,0.0,0.0,0.0,0.004754358161648178,0.127831715210356,0.0,0.024916943521594685,0.0,0.03773584905660377,0.0,0.0032310177705977385,0.001589825119236884,0.0032258064516129032,0.00964630225080386,0.0,0.006734006734006734,0.0,0.0,0.0,0.0,0.0,0.12111801242236025,0.0016233766233766235,0.0,0.0015698587127158557,0.0,0.0,0.0016,0.0016155088852988692,0.0015873015873015873,0.0016501650165016502,0.030015797788309637,0.0633116883116883,0.0,0.0,0.0,0.001579778830963665,0.01610305958132045,0.05501618122977346,0.0,0.0016420361247947454,0.001567398119122257,0.0,0.004739336492890996,0.05289256198347107,0.0,0.0,0.0031847133757961785,0.0,0.0015873015873015873,0.07188498402555911,0.0274442538593482,0.06105610561056106,0.0016474464579901153,0.0,0.00482315112540193,0.0,0.0,0.10078740157480315,0.006369426751592357,0.0015625,0.003076923076923077,0.0033222591362126247,0.008347245409015025,0.013029315960912053,0.0016420361247947454,0.0,0.025041736227045076,0.0015873015873015873,0.003076923076923077,0.0016501650165016502,0.0,0.0,0.08846761453396525,0.0017391304347826088,0.03955696202531646,0.024232633279483037,0.008389261744966443,0.05756578947368421,0.0,0.0015037593984962407,0.047021943573667714,0.0,0.03015873015873016,0.0397456279809221,0.003110419906687403,0.05612244897959184,0.039473684210526314,0.03076923076923077,0.0016207455429497568,0.0017421602787456446,0.0030534351145038168,0.0,0.02258064516129032,0.0016420361247947454,0.034976152623211444,0.0,0.0016155088852988692,0.020168067226890758,0.0016420361247947454,0.009244992295839754,0.08832807570977919,0.001639344262295082,0.017713365539452495,0.04075235109717868,0.006389776357827476,0.003430531732418525,0.0,0.027491408934707903,0.0,0.04038772213247173,0.04538087520259319,0.006033182503770739,0.0031397174254317113,0.0015384615384615385,0.0033333333333333335,0.0,0.003372681281618887,0.07582938388625593,0.0,0.04313099041533546,0.06829268292682927,0.001597444089456869,0.0067226890756302525,0.030252100840336135,0.0,0.039936102236421724,0.056451612903225805,0.031746031746031744,0.0016233766233766235,0.0,0.0,0.020569620253164556,0.008319467554076539,0.0049833887043189366,0.0016207455429497568,0.0015313935681470138,0.07166666666666667,0.0016863406408094434,0.041401273885350316,0.0,0.0,0.004815409309791332
2021,1,9,prevalence,0.0031446540880503146,0.02358490566037736,0.0,0.0,0.003125,0.0016474464579901153,0.0,0.0015151515151515152,0.0,0.0,0.013254786450662739,0.0,0.3210862619808307,0.0016611295681063123,0.0,0.08207705192629816,0.0,0.0033333333333333335,0.0,0.048701298701298704,0.006546644844517185,0.0845771144278607,0.10064935064935066,0.0,0.0,0.14057507987220447,0.0,0.0,0.043478260869565216,0.0033277870216306157,0.0,0.013245033112582781,0.0,0.0,0.019637462235649546,0.001557632398753894,0.0,0.0,0.0,0.0,0.0,0.0017035775127768314,0.0,0.05958132045088567,0.0,0.0031446540880503146,0.01889763779527559,0.0032,0.0015600624024961,0.0,0.0015527950310559005,0.001652892561983471,0.0,0.006557377049180328,0.0,0.0970724191063174,0.0,0.0,0.0,0.0,0.001639344262295082,0.1140625,0.0,0.03322259136212625,0.0,0.045307443365695796,0.0,0.0,0.0015873015873015873,0.0031397174254317113,0.001589825119236884,0.0016260162601626016,0.0066555740432612314,0.0,0.0015527950310559005,0.0,0.0,0.0,0.13174603174603175,0.0016051364365971107,0.0,0.0015479876160990713,0.0,0.0,0.0016722408026755853,0.001639344262295082,0.0016155088852988692,0.0031746031746031746,0.03442879499217527,0.06050955414012739,0.0,0.0,0.0,0.001594896331738437,0.008064516129032258,0.08695652173913043,0.0,0.0016286644951140066,0.0015873015873015873,0.0,0.004784688995215311,0.07272727272727272,0.0,0.0,0.0032948929159802307,0.0,0.001584786053882726,0.06280193236714976,0.019834710743801654,0.04950495049504951,0.001658374792703151,0.0,0.00473186119873817,0.0,0.0,0.0847457627118644,0.004739336492890996,0.0015772870662460567,0.0015432098765432098,0.001669449081803005,0.009917355371900827,0.0065252854812398045,0.001597444089456869,0.0,0.021630615640599003,0.0015772870662460567,0.001584786053882726,0.0,0.001564945226917058,0.0,0.07776049766718507,0.0,0.04654895666131621,0.027419354838709678,0.0033500837520938024,0.03770491803278689,0.0,0.0015060240963855422,0.029900332225913623,0.0,0.04792332268370607,0.0445468509984639,0.0031007751937984496,0.08205128205128205,0.03858520900321544,0.019938650306748466,0.0015748031496062992,0.0017513134851138354,0.0015267175572519084,0.0032733224222585926,0.02768729641693811,0.001692047377326565,0.04404567699836868,0.0,0.0016155088852988692,0.017828200972447326,0.0016366612111292963,0.007874015748031496,0.09967845659163987,0.006493506493506494,0.008183306055646482,0.0421875,0.01901743264659271,0.0017211703958691911,0.0017211703958691911,0.04152823920265781,0.0015552099533437014,0.03459119496855346,0.05032467532467533,0.00741839762611276,0.0031545741324921135,0.001564945226917058,0.0017241379310344827,0.0,0.0034071550255536627,0.06814580031695722,0.0,0.03987240829346093,0.05591054313099041,0.0016286644951140066,0.008333333333333333,0.0462046204620462,0.003134796238244514,0.024922118380062305,0.0738362760834671,0.0224,0.0016025641025641025,0.0,0.0,0.031746031746031744,0.0,0.003289473684210526,0.001607717041800643,0.006299212598425197,0.06467661691542288,0.0033277870216306157,0.024115755627009645,0.0,0.0,0.0
2022,1,9,prevalence,0.0030959752321981426,0.01594896331738437,0.0,0.0,0.004746835443037975,0.0015723270440251573,0.0,0.0015479876160990713,0.0,0.0,0.019548872180451128,0.0,0.37756714060031593,0.001594896331738437,0.0,0.09286898839137644,0.0,0.0033783783783783786,0.0016,0.05238095238095238,0.006359300476947536,0.11323763955342903,0.1111111111111111,0.0,0.0,0.18537414965986396,0.0,0.0,0.04090909090909091,0.0032733224222585926,0.0,0.008389261744966443,0.001644736842105263,0.0,0.02157164869029276,0.0,0.003125,0.0,0.0,0.0,0.0,0.0016611295681063123,0.0,0.08972267536704731,0.0,0.0048543689320388345,0.01929260450160772,0.001589825119236884,0.0015600624024961,0.0,0.0,0.0016806722689075631,0.0,0.006688963210702341,0.0016207455429497568,0.12652439024390244,0.0,0.0,0.0,0.0,0.006546644844517185,0.1482059282371295,0.0,0.03594771241830065,0.0,0.04854368932038835,0.0,0.008116883116883116,0.0016260162601626016,0.0015923566878980893,0.004622496147919877,0.0016366612111292963,0.0033444816053511705,0.0,0.0016025641025641025,0.0,0.0,0.0,0.13971742543171115,0.0016666666666666668,0.0,0.0015151515151515152,0.0,0.0,0.001639344262295082,0.0016611295681063123,0.0015748031496062992,0.0015290519877675841,0.041666666666666664,0.059113300492610835,0.0,0.0,0.0,0.0015772870662460567,0.009523809523809525,0.09854604200323101,0.0,0.001607717041800643,0.0016233766233766235,0.0015384615384615385,0.004815409309791332,0.112,0.0,0.0,0.0016666666666666668,0.0,0.001639344262295082,0.07085346215780998,0.033112582781456956,0.05396290050590219,0.001644736842105263,0.0,0.004739336492890996,0.0,0.0016129032258064516,0.13629160063391443,0.001584786053882726,0.0,0.003125,0.0016420361247947454,0.008319467554076539,0.02631578947368421,0.0016207455429497568,0.0,0.022187004754358162,0.001594896331738437,0.001594896331738437,0.0,0.0015503875968992248,0.0016,0.08530805687203792,0.0,0.03343949044585987,0.04516129032258064,0.0,0.03668261562998405,0.0,0.0,0.01904761904761905,0.0016806722689075631,0.047619047619047616,0.05172413793103448,0.0015552099533437014,0.09555189456342669,0.03205128205128205,0.03230769230769231,0.0015822784810126582,0.0016556291390728477,0.0015600624024961,0.013050570962479609,0.023026315789473683,0.0016750418760469012,0.01726844583987441,0.003110419906687403,0.001567398119122257,0.01794453507340946,0.0016501650165016502,0.011058451816745656,0.06677265500794913,0.007911392405063292,0.009708737864077669,0.05426356589147287,0.009375,0.001669449081803005,0.00510204081632653,0.05144694533762058,0.001519756838905775,0.0453125,0.04538087520259319,0.006006006006006006,0.0016129032258064516,0.0,0.0018148820326678765,0.0,0.0033783783783783786,0.06754530477759473,0.0,0.03241491085899514,0.05221518987341772,0.0,0.004893964110929853,0.041254125412541254,0.004761904761904762,0.016717325227963525,0.0463258785942492,0.017350157728706624,0.0015748031496062992,0.0,0.0,0.03139717425431711,0.0048,0.0032258064516129032,0.0,0.0031446540880503146,0.07352941176470588,0.0017211703958691911,0.022690437601296597,0.0,0.0,0.0
2023,1,9,prevalence,0.0015384615384615385,0.003215434083601286,0.0,0.0015698587127158557,0.003257328990228013,0.0016051364365971107,0.0,0.0015337423312883436,0.0,0.0,0.04482225656877898,0.0,0.2732919254658385,0.0016366612111292963,0.0016474464579901153,0.08417508417508418,0.0,0.0016806722689075631,0.0016051364365971107,0.056162246489859596,0.02073365231259968,0.1507293354943274,0.08631921824104234,0.0,0.0,0.2024432809773124,0.0,0.0,0.03571428571428571,0.0016556291390728477,0.0,0.00676818950930626,0.001594896331738437,0.0,0.02332814930015552,0.0,0.001579778830963665,0.0,0.001589825119236884,0.0,0.0,0.001644736842105263,0.0,0.10855263157894737,0.0,0.001594896331738437,0.01788617886178862,0.0,0.0015527950310559005,0.0,0.0,0.0016025641025641025,0.0,0.004934210526315789,0.0031545741324921135,0.13421828908554573,0.0015822784810126582,0.0,0.0,0.0,0.01932367149758454,0.11076443057722309,0.0,0.01839464882943144,0.0,0.05654281098546042,0.0,0.009708737864077669,0.0016155088852988692,0.0030959752321981426,0.006329113924050633,0.0016260162601626016,0.001718213058419244,0.0,0.0016051364365971107,0.0,0.0,0.0,0.14814814814814814,0.001692047377326565,0.0015772870662460567,0.0,0.0,0.001519756838905775,0.001639344262295082,0.001607717041800643,0.001594896331738437,0.001557632398753894,0.05573248407643312,0.05203252032520325,0.0,0.0,0.0,0.0015698587127158557,0.011400651465798045,0.12965964343598055,0.003129890453834116,0.0015698587127158557,0.0015772870662460567,0.001524390243902439,0.006359300476947536,0.13709677419354838,0.0,0.0,0.001607717041800643,0.0,0.0,0.06933744221879815,0.04013377926421405,0.07179487179487179,0.001692047377326565,0.0,0.004709576138147566,0.0,0.0016025641025641025,0.20616883116883117,0.0015923566878980893,0.0016420361247947454,0.0031446540880503146,0.001579778830963665,0.0032258064516129032,0.03322259136212625,0.0015723270440251573,0.0,0.017488076311605722,0.003236245954692557,0.0,0.0,0.0047169811320754715,0.0031446540880503146,0.08204334365325078,0.0,0.022690437601296597,0.08306709265175719,0.0,0.035830618892508145,0.0,0.0,0.0110062893081761,0.0032414910858995136,0.050078247261345854,0.05007587253414264,0.0015748031496062992,0.12583892617449666,0.020833333333333332,0.03211009174311927,0.001567398119122257,0.006711409395973154,0.0015455950540958269,0.013008130081300813,0.026813880126182965,0.0,0.02332814930015552,0.0032733224222585926,0.001584786053882726,0.026143790849673203,0.0015923566878980893,0.01098901098901099,0.056572379367720464,0.006329113924050633,0.0016286644951140066,0.054858934169279,0.004739336492890996,0.0,0.016863406408094434,0.06339144215530904,0.0015527950310559005,0.0421216848673947,0.047697368421052634,0.0030534351145038168,0.001584786053882726,0.0,0.0017730496453900709,0.0,0.0,0.025518341307814992,0.0,0.06578947368421052,0.046511627906976744,0.0,0.003284072249589491,0.02926829268292683,0.010719754977029096,0.035493827160493825,0.02936378466557912,0.01694915254237288,0.001519756838905775,0.0,0.0,0.02923076923076923,0.007874015748031496,0.0016,0.0,0.00933125972006221,0.05930807248764415,0.0,0.02329450915141431,0.0,0.0,0.0
2024,1,9,prevalence,0.0015873015873015873,0.0,0.0015479876160990713,0.0016366612111292963,0.004893964110929853,0.0,0.0015552099533437014,0.001567398119122257,0.0,0.0,0.0490506329113924,0.0,0.21621621621621623,0.0,0.001652892561983471,0.06393442622950819,0.0,0.004830917874396135,0.0031746031746031746,0.04107424960505529,0.03902439024390244,0.16586921850079744,0.07814992025518341,0.0,0.0,0.2120689655172414,0.0,0.0,0.026825633383010434,0.003355704697986577,0.0,0.0016051364365971107,0.0016313213703099511,0.0,0.027522935779816515,0.0,0.0,0.0,0.0015408320493066256,0.0,0.0015822784810126582,0.0016366612111292963,0.0,0.06333333333333334,0.0,0.0016155088852988692,0.01309328968903437,0.0,0.0,0.0,0.0,0.001589825119236884,0.0,0.003305785123966942,0.0032102728731942215,0.12917933130699089,0.0,0.0,0.0,0.0,0.03035143769968051,0.09119010819165378,0.0,0.014754098360655738,0.0,0.04220779220779221,0.0016366612111292963,0.0032679738562091504,0.0016129032258064516,0.0030120481927710845,0.001594896331738437,0.0016051364365971107,0.0,0.0,0.0,0.0033112582781456954,0.001579778830963665,0.0,0.14355628058727568,0.00338409475465313,0.001584786053882726,0.0,0.0,0.0014992503748125937,0.0016181229773462784,0.0,0.0,0.0031746031746031746,0.07668231611893583,0.04,0.0,0.0,0.0,0.0,0.022653721682847898,0.13192182410423453,0.0030257186081694403,0.003115264797507788,0.0016366612111292963,0.0015128593040847202,0.0032414910858995136,0.14465408805031446,0.0,0.001639344262295082,0.001584786053882726,0.0,0.0,0.06363636363636363,0.04470198675496689,0.07317073170731707,0.00333889816360601,0.0,0.006172839506172839,0.0,0.001607717041800643,0.173015873015873,0.003246753246753247,0.0016025641025641025,0.003169572107765452,0.0015923566878980893,0.004807692307692308,0.025041736227045076,0.0015479876160990713,0.0,0.010736196319018405,0.001584786053882726,0.001610305958132045,0.0,0.0047694753577106515,0.0031545741324921135,0.07476635514018691,0.0,0.02768729641693811,0.08745874587458746,0.0,0.053208137715179966,0.0,0.0,0.003169572107765452,0.003316749585406302,0.060240963855421686,0.049107142857142856,0.0,0.09951060358890701,0.026101141924959218,0.03686635944700461,0.0016,0.0017006802721088435,0.001589825119236884,0.008223684210526315,0.03759398496240601,0.0017211703958691911,0.02723146747352496,0.0033500837520938024,0.001607717041800643,0.0224,0.0,0.006389776357827476,0.05592105263157895,0.008051529790660225,0.0031746031746031746,0.08530805687203792,0.0030816640986132513,0.0,0.06166666666666667,0.05,0.001579778830963665,0.04580152671755725,0.036243822075782535,0.0031847133757961785,0.0,0.001644736842105263,0.0017953321364452424,0.0,0.0016638935108153079,0.04313099041533546,0.0,0.07084019769357495,0.03821656050955414,0.0,0.004975124378109453,0.04746835443037975,0.0015290519877675841,0.046474358974358976,0.024350649350649352,0.009188361408882083,0.0,0.0,0.0015082956259426848,0.031446540880503145,0.014195583596214511,0.0016025641025641025,0.001607717041800643,0.01740506329113924,0.061191626409017714,0.0,0.019543973941368076,0.0,0.0,0.0
2025,1,9,prevalence,0.0,0.0,0.0015698587127158557,0.001610305958132045,0.00631911532385466,0.0,0.0015479876160990713,0.0,0.0,0.0,0.048589341692789965,0.0,0.12168486739469579,0.0,0.001644736842105263,0.06896551724137931,0.0,0.003284072249589491,0.0016366612111292963,0.05186385737439222,0.028892455858747994,0.17445482866043613,0.06462035541195477,0.0,0.0,0.17457627118644067,0.0016420361247947454,0.0,0.03313253012048193,0.004830917874396135,0.0,0.0032258064516129032,0.0,0.0016286644951140066,0.028831562974203338,0.0,0.0,0.0,0.0015600624024961,0.0,0.0016025641025641025,0.001639344262295082,0.0,0.05025125628140704,0.0,0.0,0.011400651465798045,0.0,0.0,0.0,0.0,0.0015748031496062992,0.0,0.0032520325203252032,0.0032414910858995136,0.09653092006033183,0.0,0.0,0.0,0.0,0.025078369905956112,0.08566978193146417,0.0,0.021739130434782608,0.0,0.06807131280388978,0.0032948929159802307,0.0033003300330033004,0.0,0.0014992503748125937,0.0,0.001584786053882726,0.0033783783783783786,0.0,0.0,0.003215434083601286,0.001644736842105263,0.0,0.14653784219001612,0.0032733224222585926,0.0015552099533437014,0.0,0.0,0.0031496062992125984,0.001579778830963665,0.0,0.001639344262295082,0.003125,0.08668730650154799,0.05405405405405406,0.0,0.0,0.0,0.0,0.02127659574468085,0.132569558101473,0.0045871559633027525,0.003076923076923077,0.0016286644951140066,0.0014925373134328358,0.0031496062992125984,0.13535031847133758,0.0,0.0,0.0,0.0,0.0,0.05286343612334802,0.06752411575562701,0.061855670103092786,0.0033783783783783786,0.0,0.006259780907668232,0.0,0.0016129032258064516,0.1346153846153846,0.004761904761904762,0.0016025641025641025,0.0,0.0016051364365971107,0.0031746031746031746,0.03691275167785235,0.0,0.0,0.012539184952978056,0.0015822784810126582,0.0032414910858995136,0.0,0.0016181229773462784,0.001579778830963665,0.04915514592933948,0.0016129032258064516,0.029508196721311476,0.09181969949916527,0.003367003367003367,0.0528,0.0,0.0,0.008012820512820512,0.00825082508250825,0.06859756097560976,0.061946902654867256,0.0,0.0819935691318328,0.012903225806451613,0.0491283676703645,0.0015748031496062992,0.0,0.0015408320493066256,0.019639934533551555,0.045112781954887216,0.015228426395939087,0.01809954751131222,0.0033500837520938024,0.001584786053882726,0.0192,0.001567398119122257,0.004694835680751174,0.028192371475953566,0.009868421052631578,0.0031201248049922,0.08188976377952756,0.003169572107765452,0.0016666666666666668,0.14429530201342283,0.03937007874015748,0.0016181229773462784,0.03474320241691843,0.03177257525083612,0.011128775834658187,0.0,0.0033333333333333335,0.0017241379310344827,0.0,0.006611570247933884,0.026984126984126985,0.0,0.11057692307692307,0.04081632653061224,0.0,0.00819672131147541,0.0644122383252818,0.001564945226917058,0.04597701149425287,0.01765650080256822,0.009259259259259259,0.0,0.0032310177705977385,0.001564945226917058,0.06738131699846861,0.009693053311793215,0.003169572107765452,0.0016025641025641025,0.012861736334405145,0.07512520868113523,0.0,0.023769100169779286,0.0,0.0,0.0
