"IUID","Region"
"GIN22616",1
"GIN22638",1
"GIN22604",1
"GIN22632",1
"GIN22618",1
"GIN22615",1
"GIN22622",1
"GIN22607",1
"GIN22630",1
"GIN22611",1
"GIN22625",1
"GIN22629",1
"GIN22631",1
"GIN22623",1
"GIN22639",1
"GIN22612",1
"GIN22620",1
"GIN22640",1
"GIN22606",1
"GIN22621",1
"GIN22610",1
"GIN22627",1
"GIN22636",1
"GIN22608",1
"GNB23744",1
"GNB23705",1
"GNB23660",1
"GNB23727",1
"GNB23682",1
"GNB23657",1
"GNB23650",1
"GNB23688",1
"GNB23743",1
"GNB23701",1
"GNB23656",1
"GNB23681",1
"GNB23738",1
"GNB23694",1
"GNB23709",1
"GNB23732",1
"GNB23662",1
"GNB23745",1
"GNB23742",1
"GNB23669",1
"GNB23726",1
"GNB23735",1
"GNB23719",1
"GNB23659",1
"GNB23734",1
"GNB23692",1
"GNB23721",1
"GNB23680",1
"GNB23658",1
"GNB23666",1
"GNB23661",1
"GNB23668",1
"GNB23663",1
"GNB23665",1
"GNB23664",1
"GNB23667",1
"GNB23646",1
"GNB23647",1
"GNB23686",1
"GNB23689",1
"GNB23695",1
"GNB23690",1
"GNB23700",1
"GNB23696",1
"GNB23691",1
"GNB23687",1
"GNB23702",1
"GNB23685",1
"GNB23725",1
"GNB23724",1
"GNB23728",1
"GNB23713",1
"GNB23723",1
"GNB23715",1
"GNB23712",1
"GNB23711",1
"GNB23722",1
"GNB23710",1
"GNB23714",1
"GNB23716",1
"GNB23717",1
"GNB23739",1
"GNB23737",1
"GNB23731",1
"GNB23733",1
"GNB23736",1
"GNB23730",1
"GNB23707",1
"GNB23704",1
"GNB23708",1
"GNB23706",1
"GNB23740",1
"GNB23741",1
"GNB23746",1
"GNB23674",1
"GNB23643",1
"GNB23670",1
"GNB23673",1
"GNB23676",1
"GNB23677",1
"GNB23671",1
"GNB23672",1
"GNB23679",1
"GNB23645",1
"GNB23655",1
"GNB23683",1
"GNB23684",1
"GNB23698",1
"GNB23697",1
"GNB23693",1
"GNB23699",1
"GNB23649",1
"GNB23720",1
"LBR26819",1
"LBR26821",1
"LBR26822",1
"LBR26823",1
"LBR26824",1
"LBR26825",1
"LBR26826",1
"LBR26827",1
"LBR26828",1
"LBR26829",1
"LBR26831",1
"LBR26830",1
"LBR26832",1
"SEN40214",1
"SEN40188",1
"SEN40190",1
"SEN40210",1
"SEN40179",1
"SEN40198",1
"SEN40176",1
"SEN40223",1
"SEN40185",1
"SEN40191",1
"SEN40230",1
"GNB23761",1
"SLE42256",1
"CIV15419",2
"CIV15443",2
"CIV15441",2
"CIV15436",2
"CIV15344",2
"CIV15330",2
"CIV15406",2
"CIV15408",2
"CIV15407",2
"CIV15360",2
"CIV15395",2
"CIV15449",2
"CIV15450",2
"CIV15400",2
"CIV15455",2
"CIV15464",2
"CIV15424",2
"CIV15425",2
"CIV15420",2
"CIV15366",2
"CIV15343",2
"CIV15405",2
"CIV15453",2
"CIV15452",2
"CIV15451",2
"CIV15442",2
"CIV15401",2
"CIV15463",2
"CIV15364",2
"CIV15454",2
"CIV15433",2
"GHA21392",2
"GHA21430",2
"GHA21503",2
"GHA21521",2
"GHA21541",2
"GHA21547",2
"GHA21552",2
"GHA21554",2
"GHA21587",2
"BFA05331",2
"BFA05329",2
"BFA05348",2
"BFA05374",2
"BFA53007",2
"BFA05326",2
"BFA05371",2
"BFA05322",2
"NER35354",3
"NGA36751",3
"NGA36752",3
"NGA36753",3
"NGA36754",3
"NGA36755",3
"NGA36757",3
"NGA36756",3
"NGA36463",3
"NGA36771",3
"NGA36772",3
"NGA36773",3
"NGA36774",3
"NGA36775",3
"NGA36776",3
"NGA36777",3
"NGA36778",3
"NGA36779",3
"NGA36780",3
"NGA36781",3
"NGA36782",3
"NGA36783",3
"NGA36785",3
"NGA36786",3
"NGA36787",3
"NGA36788",3
"NGA36789",3
"NGA36790",3
"NGA36791",3
"NGA36802",3
"NGA36792",3
"NGA36793",3
"NGA36794",3
"NGA36795",3
"NGA36796",3
"NGA36797",3
"NGA36799",3
"NGA36350",3
"NGA36352",3
"NGA36353",3
"NGA36635",3
"NGA36939",3
"NGA36942",3
"NGA36943",3
"NGA36944",3
"NGA36945",3
"NGA36946",3
"NGA36947",3
"NGA36949",3
"NGA36950",3
"NGA36951",3
"NGA36952",3
"NGA36953",3
"NGA36954",3
"NGA36955",3
"NGA36957",3
"NGA36958",3
"NGA36959",3
"NGA36960",3
"NGA36961",3
"NGA36962",3
"NGA36963",3
"NGA36964",3
"NGA36965",3
"NGA36967",3
"NGA36966",3
"NGA36634",3
"NGA36633",3
"NGA36575",3
"NGA36576",3
"NGA36443",3
"NGA36444",3
"NGA36445",3
"NGA36447",3
"NGA36827",3
"NGA36341",3
"NGA36342",3
"NGA36343",3
"NGA36344",3
"NGA36345",3
"NGA37062",3
"NGA37064",3
"NGA37065",3
"NGA37105",3
"NGA37106",3
"NGA37107",3
"NGA37108",3
"NGA36497",3
"NGA36482",3
"NGA36484",3
"NGA36486",3
"NGA36487",3
"NGA36569",3
"NGA36893",3
"NGA36894",3
"NGA36895",3
"NGA36896",3
"NGA36898",3
"NGA36899",3
"NGA36900",3
"NGA36901",3
"NGA36721",3
"NGA36722",3
"NGA36723",3
"NGA36724",3
"NGA36725",3
"NGA36759",3
"NGA36760",3
"NGA36761",3
"NGA36762",3
"NGA36579",3
"NGA36581",3
"NGA36582",3
"NGA36583",3
"NGA36584",3
"NGA36585",3
"NGA36580",3
"NGA36586",3
"NGA36587",3
"NGA36588",3
"NGA36589",3
"NGA36590",3
"NGA36591",3
"NGA36592",3
"NGA36593",3
"NGA36594",3
"NGA36596",3
"NGA36597",3
"NGA36598",3
"NGA36599",3
"NGA36600",3
"NGA36601",3
"NGA36603",3
"NGA36604",3
"NGA36605",3
"NGA36606",3
"NGA36607",3
"NGA36608",3
"NGA36609",3
"NGA36610",3
"NGA36500",3
"NGA36501",3
"NGA36502",3
"NGA37055",3
"NGA37056",3
"NGA37059",3
"NGA37060",3
"NGA37041",3
"NGA37042",3
"NGA36409",3
"NGA36410",3
"NGA36411",3
"NGA37043",3
"NGA36397",3
"NGA36398",3
"NGA36399",3
"NGA36401",3
"NGA36403",3
"NGA36406",3
"NGA36407",3
"NGA36408",3
"NGA36351",3
"NGA36354",3
"NGA37046",3
"NGA36986",3
"NGA36990",3
"NGA36992",3
"NGA36994",3
"NGA36997",3
"NGA36841",3
"NGA36849",3
"NGA36853",3
"NGA36854",3
"NGA37050",3
"NGA36489",3
"NGA36490",3
"NGA36495",3
"NGA36498",3
"NGA36564",3
"NGA36565",3
"NGA36567",3
"NGA36690",3
"NGA36691",3
"NGA36692",3
"NGA36693",3
"NGA36696",3
"NGA36697",3
"NGA36699",3
"NGA36700",3
"NGA36701",3
"NGA37021",3
"NGA37109",3
"NGA37110",3
"NGA36619",3
"NGA36620",3
"NGA36621",3
"NGA36622",3
"NGA36623",3
"NGA36624",3
"NGA36625",3
"NGA36626",3
"NGA36627",3
"NGA36628",3
"NGA36629",3
"NGA36630",3
"NGA36631",3
"NGA36632",3
"NGA36337",3
"NGA36338",3
"NGA36339",3
"NGA36340",3
"NGA36346",3
"NGA36347",3
"NGA36348",3
"NGA36349",3
"NGA36413",3
"NGA36414",3
"NGA36415",3
"NGA36374",3
"NGA36376",3
"NGA36378",3
"NGA36380",3
"NGA36382",3
"NGA36675",3
"NGA36676",3
"NGA36677",3
"NGA36678",3
"NGA36679",3
"NGA36680",3
"NGA36681",3
"NGA36682",3
"NGA36683",3
"NGA36685",3
"NGA36686",3
"NGA36687",3
"NGA36891",3
"NGA36902",3
"NGA36903",3
"NGA36904",3
"NGA36416",3
"NGA36417",3
"NGA36418",3
"NGA36419",3
"NGA36547",3
"NGA36549",3
"NGA36551",3
"NGA36552",3
"NGA36554",3
"NGA36555",3
"NGA36557",3
"NGA36875",3
"NGA36876",3
"NGA36878",3
"NGA36879",3
"NGA36880",3
"NGA36928",3
"NGA36929",3
"NGA36930",3
"NGA36931",3
"NGA36355",3
"NGA36356",3
"NGA36357",3
"NGA36358",3
"NGA36359",3
"NGA36361",3
"NGA36362",3
"NGA36364",3
"NGA36365",3
"NGA36366",3
"NGA36367",3
"NGA36368",3
"NGA36369",3
"NGA36370",3
"NGA36371",3
"NGA36372",3
"NGA36387",3
"NGA36388",3
"NGA36412",3
"NGA36420",3
"NGA36421",3
"NGA36422",3
"NGA36423",3
"NGA36424",3
"NGA36425",3
"NGA36426",3
"NGA36427",3
"NGA36429",3
"NGA36431",3
"NGA36434",3
"NGA36435",3
"NGA36436",3
"NGA36440",3
"NGA36441",3
"NGA37022",3
"NGA37023",3
"NGA37024",3
"NGA37025",3
"NGA37028",3
"NGA37030",3
"NGA37031",3
"NGA37034",3
"NGA37035",3
"NGA37036",3
"NGA37037",3
"NGA37051",3
"NGA36449",3
"NGA36450",3
"NGA36451",3
"NGA36452",3
"NGA36453",3
"NGA36454",3
"NGA36455",3
"NGA36457",3
"NGA36459",3
"NGA36460",3
"NGA36461",3
"NGA36770",3
"NGA36464",3
"NGA36465",3
"NGA36466",3
"NGA36467",3
"NGA36468",3
"NGA36470",3
"NGA36471",3
"NGA36473",3
"NGA36474",3
"NGA36475",3
"NGA36478",3
"NGA36504",3
"NGA36522",3
"NGA36523",3
"NGA36524",3
"NGA36525",3
"NGA36527",3
"NGA36529",3
"NGA36530",3
"NGA36531",3
"NGA36532",3
"NGA36533",3
"NGA36973",3
"NGA36977",3
"NGA36979",3
"NGA36980",3
"NGA36536",3
"NGA36538",3
"NGA36540",3
"NGA36543",3
"NGA36545",3
"NGA36546",3
"NGA36558",3
"NGA36559",3
"NGA36561",3
"NGA36614",3
"NGA36615",3
"NGA36636",3
"NGA36637",3
"NGA36638",3
"NGA36639",3
"NGA36640",3
"NGA36641",3
"NGA36642",3
"NGA36643",3
"NGA36644",3
"NGA36645",3
"NGA36646",3
"NGA36647",3
"NGA36649",3
"NGA36650",3
"NGA36653",3
"NGA36654",3
"NGA36648",3
"NGA36656",3
"NGA36657",3
"NGA36659",3
"NGA36658",3
"NGA36660",3
"NGA36661",3
"NGA36662",3
"NGA36663",3
"NGA36664",3
"NGA36665",3
"NGA36666",3
"NGA36667",3
"NGA36668",3
"NGA36669",3
"NGA36670",3
"NGA36671",3
"NGA36672",3
"NGA36673",3
"NGA36674",3
"NGA36688",3
"NGA36689",3
"NGA36702",3
"NGA36703",3
"NGA36704",3
"NGA36706",3
"NGA36707",3
"NGA36708",3
"NGA36709",3
"NGA36710",3
"NGA36711",3
"NGA36712",3
"NGA36713",3
"NGA36715",3
"NGA36714",3
"NGA36716",3
"NGA36717",3
"NGA36718",3
"NGA36719",3
"NGA36720",3
"NGA36764",3
"NGA36765",3
"NGA36767",3
"NGA36768",3
"NGA36769",3
"NGA36726",3
"NGA36727",3
"NGA36728",3
"NGA36729",3
"NGA36730",3
"NGA36731",3
"NGA36732",3
"NGA36733",3
"NGA36734",3
"NGA36735",3
"NGA36736",3
"NGA36737",3
"NGA36738",3
"NGA36739",3
"NGA36740",3
"NGA36741",3
"NGA36742",3
"NGA36743",3
"NGA36744",3
"NGA36745",3
"NGA36746",3
"NGA36747",3
"NGA36748",3
"NGA36749",3
"NGA36801",3
"NGA36804",3
"NGA36806",3
"NGA36807",3
"NGA36808",3
"NGA36813",3
"NGA36814",3
"NGA36816",3
"NGA36820",3
"NGA36821",3
"NGA36822",3
"NGA36823",3
"NGA36824",3
"NGA36826",3
"NGA36828",3
"NGA36830",3
"NGA36833",3
"NGA36835",3
"NGA36836",3
"NGA36837",3
"NGA36838",3
"NGA36840",3
"NGA36857",3
"NGA36859",3
"NGA36861",3
"NGA36881",3
"NGA36885",3
"NGA36886",3
"NGA36887",3
"NGA36888",3
"NGA36889",3
"NGA36890",3
"NGA36905",3
"NGA36907",3
"NGA36909",3
"NGA36912",3
"NGA36913",3
"NGA36914",3
"NGA36916",3
"NGA36918",3
"NGA36919",3
"NGA36920",3
"NGA36922",3
"NGA36923",3
"NGA36921",3
"NGA36924",3
"NGA36926",3
"NGA36927",3
"NGA36932",3
"NGA36933",3
"NGA36934",3
"NGA36935",3
"NGA36936",3
"NGA36937",3
"NGA36941",3
"NGA36938",3
"NGA37019",3
"NGA37066",3
"NGA37067",3
"NGA37068",3
"NGA37069",3
"NGA37070",3
"NGA37071",3
"NGA37072",3
"NGA37073",3
"NGA37077",3
"NGA37078",3
"NGA37079",3
"NGA37080",3
"NGA37082",3
"NGA37084",3
"NGA37086",3
"NGA37087",3
"NGA37089",3
"NGA37090",3
"NGA37091",3
"NGA37092",3
"NGA37095",3
"NGA37096",3
"NGA37097",3
"NGA37098",3
"NGA37099",3
"NGA37100",3
"NGA37101",3
"NGA37102",3
"NGA37103",3
"NGA37104",3
"TCD10766",3
"TCD10775",3
"TCD10780",3
"TCD10699",3
"TCD10700",3
"TCD10769",3
"TCD10765",3
"TCD10696",3
"TCD10734",3
"TCD10701",3
"TCD10717",3
"TCD10702",3
"TCD10759",3
"TCD10718",3
"TCD10703",3
"TCD10767",3
"TCD10735",3
"TCD10704",3
"TCD10714",3
"TCD10776",3
"TCD10768",3
"TCD10736",3
"TCD10777",3
"TCD10773",3
"TCD10781",3
"TCD10709",3
"TCD10719",3
"TCD10737",3
"TCD10697",3
"TCD10705",3
"TCD10774",3
"TCD10750",3
"TCD10698",3
"TCD10720",3
"TCD10782",3
"TCD10790",3
"CMR07591",3
"GNQ16416",4
"GNQ16417",4
"GNQ16418",4
"GNQ16419",4
"GNQ16420",4
"GNQ16421",4
"GNQ16422",4
"GNQ16424",4
"GNQ16425",4
"GNQ16426",4
"GNQ16427",4
"GNQ16428",4
"GNQ16423",4
"GAB20358",4
"GAB20356",4
"GAB20368",4
"GAB20353",4
"GAB20366",4
"GAB20365",4
"GAB20363",4
"GAB20364",4
"GAB20347",4
"GAB20350",4
"GAB20349",4
"GAB20367",4
"GAB20369",4
"GAB20338",4
"GAB20354",4
"GAB20352",4
"GAB20351",4
"GAB20333",4
"COG12828",4
"COG12789",4
"COG12822",4
"COG12823",4
"COG12836",4
"COG12775",4
"COG12814",4
"COG12768",4
"COG12791",4
"COG12763",4
"COG12765",4
"COG12835",4
"COG12813",4
"COD14057",4
"COD14044",4
"COD14018",4
"COD14036",4
"COD14056",4
"COD14034",4
"COD14012",4
"COD14039",4
"COD14040",4
"COD14010",4
"COD14004",4
"COD14340",4
"COD13997",4
"COD13968",4
"COD13979",4
"COD13906",4
"COD13869",4
"COD13897",4
"COD13881",4
"COD13874",4
"COD13994",4
"COD13857",4
"COD13822",4
"COD13820",4
"COD13827",4
"COD13829",4
"COD13823",4
"COD13816",4
"COD13818",4
"COD13825",4
"COD14285",4
"COD14276",4
"COD14226",4
"COD14227",4
"COD14228",4
"COD14292",4
"COD14290",4
"COD14289",4
"COD14244",4
"COD14293",4
"COD14225",4
"COD14223",4
"COD14222",4
"COD14234",4
"COD13824",4
"COD13893",4
"COD13835",4
"COD13923",4
"COD13933",4
"COD13937",4
"COD13919",4
"COD13932",4
"COD13911",4
"COD13927",4
"COD13955",4
"COD14259",4
"COD14283",4
"COD14167",4
"COD14165",4
"COD14294",4
"COD14216",4
"COD13938",4
"COD13964",4
"COD13963",4
"COD13958",4
"COD13948",4
"COD13924",4
"COD14173",4
"COD14287",4
"COD14171",4
"COD13834",4
"COD13832",4
"COD13861",4
"COD13896",4
"COD13882",4
"COD13886",4
"COD13907",4
"COD13943",4
"COD13965",4
"COD13934",4
"COD13903",4
"COD13926",4
"COD13946",4
"COD13960",4
"COD14266",4
"COD14232",4
"COD14273",4
"COD13826",4
"COD13985",4
"COD13852",4
"COD14097",4
"COD14108",4
"COD14123",4
"COD14086",4
"COD14087",4
"COD14091",4
"COD14008",4
"COD13976",4
"COD13989",4
"COD14332",4
"COD14005",4
"COD13995",4
"COD13996",4
"COD13970",4
"COD13986",4
"COD13983",4
"COD14003",4
"COD14280",4
"COD14233",4
"COD14246",4
"COD14253",4
"COD14263",4
"COD14235",4
"COD14240",4
"COD14281",4
"COD14277",4
"COD14271",4
"COD14270",4
"COD14224",4
"COD14249",4
"COD14250",4
"COD14231",4
"COD14269",4
"COD14262",4
"COD13992",4
"COD14245",4
"COD14236",4
"COD14275",4
"COD14268",4
"COD14279",4
"COD14261",4
"COD14218",4
"COD14272",4
"COD14248",4
"COD14230",4
"COD14219",4
"COD14239",4
"COD14243",4
"COD14288",4
"COD13998",4
"COD13980",4
"COD13856",4
"COD13821",4
"COD13854",4
"COD13844",4
"COD13842",4
"COD13991",4
"COD13915",4
"COD13918",4
"COD13936",4
"COD13952",4
"COD14252",4
"COD14291",4
"COD14257",4
"COD14284",4
"COD14164",4
"COD14175",4
"COD14200",4
"COD14204",4
"COD14207",4
"COD14203",4
"COD14191",4
"COD14194",4
"COD14212",4
"COD14187",4
"COD14324",4
"COD14323",4
"COD14318",4
"COD14298",4
"COD14296",4
"COD14313",4
"COD14297",4
"COD14326",4
"COD14305",4
"COD14321",4
"COD14319",4
"COD14303",4
"COD14309",4
"COD14078",4
"COD14102",4
"COD14095",4
"COD14094",4
"COD14121",4
"COD14106",4
"COD14109",4
"COD14304",4
"COD14300",4
"COD14213",4
"COD14311",4
"COD13967",4
"COD14099",4
"COD13863",4
"COD13867",4
"COD13841",4
"COD13914",4
"COD13848",4
"COD13912",4
"COD13941",4
"COD13860",4
"COD13908",4
"COD13959",4
"COD13956",4
"COD13951",4
"COD13925",4
"COD13913",4
"COD13935",4
"COD13901",4
"COD13947",4
"COD13950",4
"COD14329",4
"COD13957",4
"COD13910",4
"COD13930",4
"COD13944",4
"COD13902",4
"COD13953",4
"CAF09665",5
"CAF09663",5
"CAF09671",5
"CAF09669",5
"CAF09666",5
"CAF09668",5
"CAF09674",5
"CAF09675",5
"CAF09672",5
"CAF09681",5
"CAF09683",5
"CAF09679",5
"CAF09678",5
"CAF09673",5
"CAF09676",5
"CAF09686",5
"CAF09684",5
"CAF09685",5
"CAF09689",5
"CAF09688",5
"CAF09692",5
"CAF09662",5
"CAF09680",5
"CAF09661",5
"CAF09664",5
"CAF09682",5
"CAF09691",5
"CAF09687",5
"CAF09667",5
"CAF09690",5
"CAF09677",5
"CAF09670",5
"CAF09695",5
"CAF09693",5
"CAF09694",5
"ERI17452",5
"ERI17459",5
"KEN54253",5
"KEN54254",5
"KEN54255",5
"KEN54250",5
"KEN54176",5
"KEN54175",5
"KEN54174",5
"KEN54172",5
"KEN54124",5
"KEN54122",5
"KEN54123",5
"KEN54125",5
"KEN54093",5
"KEN54090",5
"KEN54088",5
"KEN54091",5
"KEN54092",5
"KEN54089",5
"KEN54087",5
"SSD44369",5
"SSD44353",5
"SSD44351",5
"SSD44357",5
"SSD44361",5
"SSD44358",5
"SSD44365",5
"SSD44388",5
"SSD44322",5
"SSD44320",5
"SSD44321",5
"SSD44324",5
"SSD44319",5
"SSD44323",5
"SSD44331",5
"SSD44326",5
"SSD44329",5
"SSD44325",5
"SSD44332",5
"SSD44327",5
"SSD44349",5
"SSD44354",5
"SSD44397",5
"SSD44395",5
"SSD44390",5
"SSD44396",5
"SSD44384",5
"SSD44385",5
"SSD44389",5
"SSD44401",5
"SSD44392",5
"SSD44394",5
"SSD44393",5
"SSD44391",5
"SSD44400",5
"SSD44338",5
"SSD44342",5
"SSD44382",5
"SSD44374",5
"SSD44343",5
"SSD44380",5
"SSD44377",5
"SSD44371",5
"SSD44372",5
"SSD44344",5
"SSD44379",5
"SSD44378",5
"SSD44381",5
"SSD44375",5
"SSD44399",5
"SDN66142",5
"SDN66026",5
"SDN66063",5
"SDN66064",5
"SDN66143",5
"SDN66065",5
"SDN66066",5
"SDN66067",5
"SDN66068",5
"SDN66077",5
"SDN66144",5
"SDN66145",5
"SDN66146",5
"SDN66070",5
"SDN66147",5
"SDN66071",5
"SDN66148",5
"SDN66073",5
"SDN66074",5
"SDN66028",5
"SDN66029",5
"SDN66030",5
"SDN66075",5
"SDN66149",5
"SDN66032",5
"SDN66078",5
"SDN66033",5
"SDN66034",5
"SDN66037",5
"SDN66116",5
"SDN66041",5
"SDN66115",5
"SDN66027",5
"SDN66121",5
"SDN66126",5
"SDN66043",5
"SDN66128",5
"SDN66112",5
"SDN66122",5
"SDN66042",5
"SDN66118",5
"SDN66031",5
"SDN66036",5
"SDN66127",5
"SDN66120",5
"SDN66119",5
"SDN66039",5
"SDN66113",5
"SDN66040",5
"SDN66038",5
"SDN66124",5
"SDN66044",5
"SDN66117",5
"SDN66123",5
"SDN66072",5
"SDN66062",5
"SDN66076",5
"SDN66069",5
"SDN66114",5
"SDN66025",5
"SDN66035",5
"SDN66056",5
"SDN66060",5
"SDN66055",5
"SDN66059",5
"SDN66057",5
"SDN66061",5
"SDN66058",5
"SDN66097",5
"SDN66092",5
"SDN66095",5
"SDN66096",5
"SDN66016",5
"SDN66054",5
"SDN66051",5
"SDN66050",5
"SDN66049",5
"SDN66053",5
"SDN66052",5
"SDN66046",5
"SDN66045",5
"SDN66048",5
"SDN66047",5
"SDN66099",5
"SDN66102",5
"SDN66104",5
"SDN66103",5
"SDN66100",5
"SDN66101",5
"SDN66089",5
"SDN66087",5
"SDN66084",5
"SDN66088",5
"SDN66086",5
"SDN66085",5
"SDN66090",5
"SDN66158",5
"SDN66154",5
"SDN66083",5
"SDN66081",5
"SDN66082",5
"SDN66079",5
"SDN66080",5
"SDN66150",5
"SDN66159",5
"SDN66007",5
"SDN66004",5
"SDN66006",5
"SDN66005",5
"SDN66001",5
"SDN66002",5
"SDN66003",5
"SDN66023",5
"SDN66021",5
"SDN66024",5
"SDN66020",5
"SDN66019",5
"SDN66105",5
"SDN66111",5
"SDN66106",5
"SDN66107",5
"SDN66108",5
"SDN66109",5
"SDN66110",5
"SDN66160",5
"SDN66167",5
"SDN66165",5
"SDN66164",5
"SDN66166",5
"SDN66162",5
"SDN66161",5
"SDN66008",5
"SDN66009",5
"SDN66015",5
"SDN66012",5
"SDN66010",5
"SDN66013",5
"SDN66011",5
"SDN66017",5
"SDN66014",5
"SDN66093",5
"SDN66022",5
"SDN66091",5
"SDN66098",5
"SDN66163",5
"SDN66156",5
"SDN66155",5
"SDN66151",5
"SDN66130",5
"SDN66140",5
"SDN66134",5
"SDN66141",5
"SDN66152",5
"SDN66138",5
"SDN66132",5
"SDN66133",5
"SDN66136",5
"SDN66139",5
"SDN66137",5
"SDN66131",5
"SDN66153",5
"SDN66157",5
"SDN66135",5
"SDN66018",5
"SDN66094",5
"TZA46513",5
"TZA46466",5
"TZA46514",5
"TZA46554",5
"TZA46515",5
"TZA46575",5
"TZA46621",5
"TZA46468",5
"TZA46467",5
"TZA46623",5
"TZZ51896",5
"TZZ51894",5
"TZZ51898",5
"TZZ51900",5
"TZZ51893",5
"TZZ51895",5
"TZZ51899",5
"TZZ51892",5
"TZZ51897",5
"TZZ51902",5
"ETH18714",5
"ETH18684",5
"ETH18756",5
"ETH18757",5
"ETH18760",5
"ETH18763",5
"ETH18686",5
"ETH18688",5
"ETH18787",5
"ETH18791",5
"ETH19136",5
"ETH18799",5
"ETH19524",5
"ETH18690",5
"ETH18814",5
"ETH18815",5
"ETH18845",5
"ETH19214",5
"ETH19361",5
"ETH18717",5
"ETH19253",5
"ETH18853",5
"ETH18692",5
"ETH19197",5
"ETH18898",5
"ETH18899",5
"ETH19501",5
"ETH18616",5
"ETH19459",5
"ETH19299",5
"ETH18930",5
"ETH19461",5
"ETH19220",5
"ETH18957",5
"ETH18699",5
"ETH18985",5
"ETH19000",5
"ETH19354",5
"ETH19377",5
"ETH19437",5
"ETH19243",5
"ETH19456",5
"ETH18701",5
"ETH19566",5
"ETH19255",5
"ETH18664",5
"ETH19017",5
"ETH19028",5
"ETH18703",5
"ETH18704",5
"ETH19038",5
"ETH19273",5
"ETH19410",5
"ETH19180",5
"ETH19545",5
"ETH19567",5
"AGO02049",6
"AGO02050",6
"AGO02053",6
"AGO02062",6
"AGO02068",6
"AGO02072",6
"AGO02073",6
"AGO02074",6
"AGO02213",6
"AGO02085",6
"AGO02086",6
"AGO02087",6
"AGO02088",6
"AGO02092",6
"AGO02089",6
"AGO02090",6
"AGO02217",6
"AGO02093",6
"AGO02097",6
"AGO02106",6
"AGO02112",6
"AGO02129",6
"AGO02132",6
"AGO02136",6
"AGO02150",6
"AGO02154",6
"AGO02157",6
"AGO02159",6
"AGO02161",6
"AGO02166",6
"AGO02170",6
"AGO02173",6
"AGO02215",6
"AGO02222",6
"AGO02190",6
"AGO02202",6
"AGO02197",6
"AGO02204",6
"AGO02211",6
"AGO02143",6
"MDG27926",6
"MDG27847",6
"MDG27914",6
"MDG27844",6
"MDG27873",6
"MDG27895",6
"MDG27877",6
"MDG27897",6
"MDG27904",6
"MDG27851",6
"MDG27885",6
"MDG27932",6
"MDG27884",6
"MDG27883",6
"MDG27931",6
"MDG27840",6
"MDG27834",6
"MDG27938",6
"MDG27916",6
"MDG27878",6
"MDG27919",6
"MDG27850",6
"MDG27890",6
"MDG27905",6
"MDG27835",6
"MDG27872",6
"MDG27854",6
"MDG27912",6
"MDG27858",6
"MDG27837",6
"MDG27896",6
"MDG27902",6
"MDG27886",6
"MDG27864",6
"MDG27863",6
"MDG27924",6
"MDG27845",6
"MDG27843",6
"MDG27901",6
"MDG27920",6
"MDG27917",6
"MDG27894",6
"MDG27925",6
"MDG27869",6
"MDG27928",6
"MDG27868",6
"MDG27913",6
"MDG27906",6
"MDG27879",6
"MDG27898",6
"MDG27889",6
"MDG27909",6
"MDG27862",6
"MDG27838",6
"MDG27888",6
"MDG27893",6
"MDG27833",6
"MDG27875",6
"MDG27874",6
"MDG27929",6
"MDG27866",6
"MDG27918",6
"MDG27930",6
"MDG27876",6
"MDG27910",6
"MDG27842",6
"MDG27911",6
"MDG27900",6
"MDG27855",6
"MDG27908",6
"MDG27907",6
"MDG27859",6
"MDG27891",6
"MDG27887",6
"MDG27852",6
"MDG27939",6
"MDG27882",6
"MDG27942",6
"MDG27846",6
"MDG27839",6
"MDG27915",6
"MDG27861",6
"MDG27927",6
"MDG27921",6
"MDG27923",6
"MDG27867",6
"MDG27836",6
"MDG27880",6
"MDG27892",6
"MDG27870",6
"MDG27856",6
"MDG27860",6
"MDG27922",6
"MDG27881",6
"MOZ33254",6
"MOZ33238",6
"MOZ33142",6
"MOZ33203",6
"MOZ33101",6
"MOZ33257",6
"MOZ33145",6
"MOZ33139",6
"MOZ33144",6
"MOZ33112",6
"MOZ33214",6
"MOZ33171",6
"MOZ33217",6
"MOZ33222",6
"MOZ33211",6
"MOZ33190",6
"MOZ33258",6
"MOZ33111",6
"MOZ33262",6
"MOZ33219",6
"MOZ33187",6
"MOZ33159",6
"MOZ33185",6
"MOZ33184",6
"MOZ33110",6
"MOZ33130",6
"MOZ33180",6
"MOZ33182",6
"MOZ33248",6
"MOZ33141",6
"MOZ33220",6
"MOZ33243",6
"MOZ33186",6
"MOZ33193",6
"MOZ33108",6
"MOZ33246",6
"MOZ33148",6
"MOZ33137",6
"MOZ33216",6
"MOZ33100",6
"MOZ33249",6
"MOZ33138",6
"MOZ33181",6
"MOZ33173",6
"MOZ33105",6
"MOZ33253",6
"MOZ33188",6
"MOZ33113",6
"MOZ33109",6
"MOZ33192",6
"MOZ33212",6
"MOZ33241",6
"MOZ33179",6
"MOZ33143",6
"MOZ33242",6
"MOZ33183",6
"MOZ33256",6
"MOZ33218",6
"MOZ33114",6
"MOZ33107",6
"MOZ33146",6
"MOZ33178",6
"MOZ33115",6
"MOZ33221",6
"MOZ33195",6
"MOZ33213",6
"MOZ33106",6
"MOZ33247",6
"MOZ33102",6
"MOZ33259",6
"MOZ33175",6
"MOZ33160",6
"MOZ33156",6
"MOZ33191",6
"MOZ33208",6
"MOZ33150",6
"MOZ33153",6
"MOZ33116",6
"MOZ33251",6
"MOZ33244",6
"MOZ33239",6
"MOZ33215",6
"MOZ33103",6
"MOZ33176",6
"MOZ33177",6
"MOZ33189",6
"MOZ33240",6
"MOZ33245",6
"MOZ33250",6
"MOZ33252",6
"MOZ33255",6
"MOZ33125",6
"ZWE52935",6
"ZWE52949",6
"ZWE52942",6
"ZWE52930",6
"ZWE52919",6
"ZWE52960",6
"ZWE52954",6
"ZWE52928",6
"ZWE52918",6
"ZWE52906",6
"ZWE52932",6
"ZWE52948",6
"ZWE52925",6
"ZWE52957",6
"ZWE52933",6
"ZWE52955",6
"ZWE52943",6
"ZWE52931",6
"ZWE52939",6
"ZWE52923",6
"ZWE52927",6
"ZWE52926",6
"ZWE52940",6
"ZWE52961",6
"ZWE52922",6
"ZWE52924",6
"ZWE52951",6
"ZWE52920",6
"ZWE52902",6
"ZWE52929",6
"ZWE52956",6
"ZWE52912",6
"ZWE52937",6
"ZWE52959",6
"ZWE52921",6
"ZWE52934",6
"ZWE52952",6
"ZWE52962",6
"ZMB50879",6
"ZMB50884",6
"ZMB50875",6
"ZMB50877",6
"ZMB50874",6
"ZMB50878",6
"ZMB50883",6
"ZMB50891",6
"ZMB50881",6
"ZMB50882",6
"ZMB53191",6
"ZMB50889",6
"ZMB50876",6
"ZMB50851",6
"ZMB50852",6
"ZMB53178",6
"ZMB50888",6
"ZMB50818",6
"ZMB50819",6
"ZMB50823",6
"ZMB50885",6
"ZMB50886",6
"ZMB50887",6
"ZMB53169",6
"ZMB53168",6
"ZMB50837",6
"ZMB50861",6
"ZMB50855",6
"ZMB50858",6
"ZMB50840",6
"ZMB50857",6
"ZMB50828",6
"ZMB50827",6
"ZMB50833",6
"ZMB50830",6
"ZMB50826",6
"ZMB50825",6
"ZMB53167",6
"ZMB50839",6
"ZMB50860",6
"ZMB50846",6
"ZMB50869",6
"ZMB50862",6
"ZMB50867",6
"ZMB53173",6
"ZMB50866",6
"ZMB50864",6
"ZMB50872",6
"ZMB50844",6
"ZMB50870",6
"ZMB50873",6
"ZMB50848",6
"ZMB50868",6
"ZMB50871",6
"ZMB53182",6
"ZMB50831",6
"ZMB50829",6
"ZMB50834",6
"ZMB53180",6
"ZMB53177",6
"ZMB50822",6
"ZMB50850",6
"ZMB53166",6
"ZMB50890",6
"ZMB53192",6
"ZMB53196",6
"ZMB53193",6
"ZMB53195",6
"ZMB53189",6
"ZMB53194",6
"ZMB50865",6
"ZMB53187",6
"ZMB53176",6
"ZMB53188",6
"ZMB53190",6
"ZMB50824",6
"ZMB50856",6
"ZMB53184",6
"ZMB53186",6
"ZMB50847",6
"ZMB53175",6
"ZMB53179",6
"ZMB50821",6
"ZMB50859",6
