IU_ID,IU_ID_Full
1045,DZA01045
1022,DZA01022
1011,DZA01011
1040,DZA01040
1008,DZA01008
1031,DZA01031
1037,DZA01037
1010,DZA01010
1014,DZA01014
1013,DZA01013
1002,DZA01002
1003,DZA01003
1035,DZA01035
1006,DZA01006
1032,DZA01032
1043,DZA01043
1023,DZA01023
1020,DZA01020
1046,DZA01046
1007,DZA01007
1027,DZA01027
1039,DZA01039
1004,DZA01004
1034,DZA01034
1015,DZA01015
1026,DZA01026
1028,DZA01028
1018,DZA01018
1025,DZA01025
1036,DZA01036
1048,DZA01048
1024,DZA01024
1017,DZA01017
1030,DZA01030
1021,DZA01021
1012,DZA01012
1044,DZA01044
1038,DZA01038
1016,DZA01016
1001,DZA01001
1047,DZA01047
1041,DZA01041
1033,DZA01033
1042,DZA01042
1019,DZA01019
1009,DZA01009
1005,DZA01005
1029,DZA01029
2049,AGO02049
2050,AGO02050
2051,AGO02051
2052,AGO02052
2053,AGO02053
2054,AGO02054
2055,AGO02055
2056,AGO02056
2057,AGO02057
2061,AGO02061
2058,AGO02058
2059,AGO02059
2060,AGO02060
2062,AGO02062
2063,AGO02063
2066,AGO02066
2067,AGO02067
2064,AGO02064
2065,AGO02065
2068,AGO02068
2070,AGO02070
2069,AGO02069
2071,AGO02071
2072,AGO02072
2073,AGO02073
2074,AGO02074
2213,AGO02213
2078,AGO02078
2076,AGO02076
2079,AGO02079
2080,AGO02080
2077,AGO02077
2081,AGO02081
2082,AGO02082
2083,AGO02083
2084,AGO02084
2085,AGO02085
2086,AGO02086
2087,AGO02087
2088,AGO02088
2091,AGO02091
2092,AGO02092
2089,AGO02089
2090,AGO02090
2094,AGO02094
2217,AGO02217
2096,AGO02096
2093,AGO02093
2097,AGO02097
2098,AGO02098
2100,AGO02100
2103,AGO02103
2099,AGO02099
2104,AGO02104
2105,AGO02105
2106,AGO02106
2101,AGO02101
2102,AGO02102
2107,AGO02107
2108,AGO02108
2167,AGO02167
2110,AGO02110
2113,AGO02113
2111,AGO02111
2112,AGO02112
2114,AGO02114
2115,AGO02115
2133,AGO02133
2134,AGO02134
2127,AGO02127
2128,AGO02128
2129,AGO02129
2130,AGO02130
2131,AGO02131
2132,AGO02132
2136,AGO02136
2137,AGO02137
2138,AGO02138
2135,AGO02135
2221,AGO02221
2116,AGO02116
2120,AGO02120
2121,AGO02121
2118,AGO02118
2119,AGO02119
2122,AGO02122
2123,AGO02123
2124,AGO02124
2125,AGO02125
2117,AGO02117
2126,AGO02126
2140,AGO02140
2219,AGO02219
2212,AGO02212
2148,AGO02148
2150,AGO02150
2151,AGO02151
2152,AGO02152
2224,AGO02224
2153,AGO02153
2154,AGO02154
2155,AGO02155
2156,AGO02156
2157,AGO02157
2159,AGO02159
2158,AGO02158
2160,AGO02160
2161,AGO02161
2163,AGO02163
2164,AGO02164
2165,AGO02165
2166,AGO02166
2162,AGO02162
2169,AGO02169
2170,AGO02170
2171,AGO02171
2172,AGO02172
2173,AGO02173
2174,AGO02174
2215,AGO02215
2222,AGO02222
2168,AGO02168
2176,AGO02176
2177,AGO02177
2220,AGO02220
2179,AGO02179
2181,AGO02181
2180,AGO02180
2183,AGO02183
2182,AGO02182
2184,AGO02184
2185,AGO02185
2186,AGO02186
2187,AGO02187
2188,AGO02188
2189,AGO02189
2195,AGO02195
2190,AGO02190
2191,AGO02191
2192,AGO02192
2193,AGO02193
2194,AGO02194
2198,AGO02198
2199,AGO02199
2200,AGO02200
2201,AGO02201
2202,AGO02202
2196,AGO02196
2197,AGO02197
2203,AGO02203
2204,AGO02204
2205,AGO02205
2206,AGO02206
2207,AGO02207
2209,AGO02209
2208,AGO02208
2210,AGO02210
2211,AGO02211
2216,AGO02216
2214,AGO02214
2143,AGO02143
2223,AGO02223
2149,AGO02149
2141,AGO02141
3288,BEN03288
3219,BEN03219
3226,BEN03226
3263,BEN03263
3216,BEN03216
3236,BEN03236
3259,BEN03259
3286,BEN03286
3218,BEN03218
3283,BEN03283
3289,BEN03289
3217,BEN03217
3274,BEN03274
3245,BEN03245
3239,BEN03239
3264,BEN03264
3287,BEN03287
3220,BEN03220
3269,BEN03269
3284,BEN03284
3278,BEN03278
3234,BEN03234
3249,BEN03249
3214,BEN03214
3268,BEN03268
3244,BEN03244
3221,BEN03221
3262,BEN03262
3272,BEN03272
3277,BEN03277
3243,BEN03243
3213,BEN03213
3215,BEN03215
3231,BEN03231
3265,BEN03265
3246,BEN03246
3270,BEN03270
3282,BEN03282
3281,BEN03281
3230,BEN03230
3248,BEN03248
3222,BEN03222
3224,BEN03224
3235,BEN03235
3241,BEN03241
3251,BEN03251
3255,BEN03255
3250,BEN03250
3232,BEN03232
3229,BEN03229
3271,BEN03271
3252,BEN03252
3225,BEN03225
3279,BEN03279
3257,BEN03257
3254,BEN03254
3212,BEN03212
3285,BEN03285
3227,BEN03227
3242,BEN03242
3273,BEN03273
3267,BEN03267
3228,BEN03228
3223,BEN03223
3237,BEN03237
3258,BEN03258
3276,BEN03276
3240,BEN03240
3275,BEN03275
3266,BEN03266
3280,BEN03280
3256,BEN03256
3261,BEN03261
3238,BEN03238
3233,BEN03233
3247,BEN03247
3260,BEN03260
4290,BWA04290
4291,BWA04291
4313,BWA04313
4318,BWA04318
4304,BWA04304
4302,BWA04302
4307,BWA04307
4314,BWA04314
4297,BWA04297
4299,BWA04299
4308,BWA04308
4303,BWA04303
4305,BWA04305
4293,BWA04293
4309,BWA04309
4292,BWA04292
4306,BWA04306
4300,BWA04300
4298,BWA04298
4311,BWA04311
4301,BWA04301
4310,BWA04310
4317,BWA04317
4295,BWA04295
4319,BWA04319
4315,BWA04315
4316,BWA04316
6393,BDI06393
6419,BDI06419
6395,BDI06395
6387,BDI06387
6386,BDI06386
6382,BDI06382
6380,BDI06380
6381,BDI06381
6377,BDI06377
6406,BDI06406
6379,BDI06379
6378,BDI06378
6405,BDI06405
6410,BDI06410
6411,BDI06411
6390,BDI06390
6376,BDI06376
6391,BDI06391
6383,BDI06383
6385,BDI06385
6404,BDI06404
6403,BDI06403
6416,BDI06416
6415,BDI06415
6407,BDI06407
6401,BDI06401
6425,BDI06425
6417,BDI06417
6409,BDI06409
6394,BDI06394
6392,BDI06392
6414,BDI06414
6412,BDI06412
6413,BDI06413
6402,BDI06402
6400,BDI06400
6408,BDI06408
6399,BDI06399
6423,BDI06423
6422,BDI06422
6375,BDI06375
6397,BDI06397
6384,BDI06384
6398,BDI06398
6396,BDI06396
6420,BDI06420
6421,BDI06421
9665,CAF09665
9663,CAF09663
9671,CAF09671
9669,CAF09669
9666,CAF09666
9668,CAF09668
9674,CAF09674
9675,CAF09675
9672,CAF09672
9681,CAF09681
9683,CAF09683
9679,CAF09679
9678,CAF09678
9673,CAF09673
9676,CAF09676
9686,CAF09686
9684,CAF09684
9685,CAF09685
9689,CAF09689
9688,CAF09688
9692,CAF09692
9662,CAF09662
9680,CAF09680
9661,CAF09661
9664,CAF09664
9682,CAF09682
9691,CAF09691
9687,CAF09687
9667,CAF09667
9690,CAF09690
9677,CAF09677
9670,CAF09670
9695,CAF09695
9693,CAF09693
9694,CAF09694
11744,COM11744
11753,COM11753
11755,COM11755
11745,COM11745
11746,COM11746
11747,COM11747
11748,COM11748
11749,COM11749
11750,COM11750
11751,COM11751
11754,COM11754
11756,COM11756
11757,COM11757
11758,COM11758
11759,COM11759
11760,COM11760
11752,COM11752
15342,CIV15342
15419,CIV15419
15443,CIV15443
15441,CIV15441
15367,CIV15367
15368,CIV15368
15370,CIV15370
15437,CIV15437
15434,CIV15434
15372,CIV15372
15435,CIV15435
15436,CIV15436
15377,CIV15377
15378,CIV15378
15348,CIV15348
15350,CIV15350
15347,CIV15347
15344,CIV15344
15330,CIV15330
15345,CIV15345
15331,CIV15331
15332,CIV15332
15388,CIV15388
15389,CIV15389
15390,CIV15390
15355,CIV15355
15406,CIV15406
15408,CIV15408
15407,CIV15407
15357,CIV15357
15356,CIV15356
15360,CIV15360
15379,CIV15379
15381,CIV15381
15380,CIV15380
15446,CIV15446
15447,CIV15447
15448,CIV15448
15394,CIV15394
15395,CIV15395
15449,CIV15449
15450,CIV15450
15400,CIV15400
15455,CIV15455
15464,CIV15464
15438,CIV15438
15387,CIV15387
15385,CIV15385
15386,CIV15386
15411,CIV15411
15402,CIV15402
15404,CIV15404
15456,CIV15456
15457,CIV15457
15431,CIV15431
15432,CIV15432
15375,CIV15375
15374,CIV15374
15373,CIV15373
15461,CIV15461
15462,CIV15462
15421,CIV15421
15422,CIV15422
15424,CIV15424
15425,CIV15425
15353,CIV15353
15427,CIV15427
15426,CIV15426
15428,CIV15428
15420,CIV15420
15460,CIV15460
15366,CIV15366
15343,CIV15343
15393,CIV15393
15396,CIV15396
15361,CIV15361
15365,CIV15365
15423,CIV15423
15414,CIV15414
15412,CIV15412
15413,CIV15413
15346,CIV15346
15349,CIV15349
15444,CIV15444
15445,CIV15445
15359,CIV15359
15405,CIV15405
15459,CIV15459
15458,CIV15458
15440,CIV15440
15439,CIV15439
15453,CIV15453
15452,CIV15452
15451,CIV15451
15429,CIV15429
15430,CIV15430
15442,CIV15442
15401,CIV15401
15463,CIV15463
15364,CIV15364
15362,CIV15362
15454,CIV15454
15433,CIV15433
15337,CIV15337
15335,CIV15335
15336,CIV15336
15334,CIV15334
15333,CIV15333
15417,CIV15417
15418,CIV15418
15340,CIV15340
15329,CIV15329
15338,CIV15338
58001,DJI58001
58002,DJI58002
58003,DJI58003
58004,DJI58004
58005,DJI58005
55001,EGY55001
55003,EGY55003
55002,EGY55002
55004,EGY55004
55005,EGY55005
55006,EGY55006
55007,EGY55007
55008,EGY55008
55009,EGY55009
55010,EGY55010
55011,EGY55011
55012,EGY55012
55013,EGY55013
55020,EGY55020
55014,EGY55014
55015,EGY55015
55017,EGY55017
55016,EGY55016
55027,EGY55027
55018,EGY55018
55019,EGY55019
55021,EGY55021
55023,EGY55023
55025,EGY55025
55026,EGY55026
55024,EGY55024
55022,EGY55022
16411,GNQ16411
16416,GNQ16416
16417,GNQ16417
16418,GNQ16418
16419,GNQ16419
16420,GNQ16420
16421,GNQ16421
16422,GNQ16422
16424,GNQ16424
16425,GNQ16425
16426,GNQ16426
16427,GNQ16427
16428,GNQ16428
16414,GNQ16414
16415,GNQ16415
16412,GNQ16412
16413,GNQ16413
16423,GNQ16423
17471,ERI17471
17448,ERI17448
17465,ERI17465
17432,ERI17432
17482,ERI17482
17464,ERI17464
17442,ERI17442
17476,ERI17476
17430,ERI17430
17449,ERI17449
17474,ERI17474
17433,ERI17433
17478,ERI17478
17434,ERI17434
17440,ERI17440
17486,ERI17486
17484,ERI17484
17435,ERI17435
17470,ERI17470
17445,ERI17445
17446,ERI17446
17473,ERI17473
17458,ERI17458
17472,ERI17472
17437,ERI17437
17480,ERI17480
17485,ERI17485
17444,ERI17444
17457,ERI17457
17469,ERI17469
17438,ERI17438
17436,ERI17436
17477,ERI17477
17483,ERI17483
17431,ERI17431
17460,ERI17460
17479,ERI17479
17466,ERI17466
17429,ERI17429
17456,ERI17456
17462,ERI17462
17461,ERI17461
17463,ERI17463
17468,ERI17468
17467,ERI17467
17447,ERI17447
17441,ERI17441
17451,ERI17451
17450,ERI17450
17481,ERI17481
17475,ERI17475
17443,ERI17443
17453,ERI17453
17452,ERI17452
17455,ERI17455
17454,ERI17454
17459,ERI17459
17439,ERI17439
45404,SWZ45404
45405,SWZ45405
45406,SWZ45406
45412,SWZ45412
45407,SWZ45407
45409,SWZ45409
45410,SWZ45410
45411,SWZ45411
45413,SWZ45413
45414,SWZ45414
45415,SWZ45415
45416,SWZ45416
45417,SWZ45417
45418,SWZ45418
45419,SWZ45419
45420,SWZ45420
45421,SWZ45421
45422,SWZ45422
45424,SWZ45424
45425,SWZ45425
45426,SWZ45426
45427,SWZ45427
45429,SWZ45429
45423,SWZ45423
45430,SWZ45430
45431,SWZ45431
45432,SWZ45432
45433,SWZ45433
45434,SWZ45434
45435,SWZ45435
45459,SWZ45459
45436,SWZ45436
45437,SWZ45437
45439,SWZ45439
45440,SWZ45440
45441,SWZ45441
45442,SWZ45442
45443,SWZ45443
45444,SWZ45444
45445,SWZ45445
45446,SWZ45446
45447,SWZ45447
45448,SWZ45448
45449,SWZ45449
45450,SWZ45450
45451,SWZ45451
45452,SWZ45452
45453,SWZ45453
45454,SWZ45454
45455,SWZ45455
45456,SWZ45456
45457,SWZ45457
45458,SWZ45458
45408,SWZ45408
45438,SWZ45438
20336,GAB20336
20358,GAB20358
20342,GAB20342
20370,GAB20370
20372,GAB20372
20356,GAB20356
20359,GAB20359
20368,GAB20368
20374,GAB20374
20346,GAB20346
20340,GAB20340
20353,GAB20353
20366,GAB20366
20343,GAB20343
20365,GAB20365
20371,GAB20371
20355,GAB20355
20363,GAB20363
20364,GAB20364
20328,GAB20328
20329,GAB20329
20347,GAB20347
20375,GAB20375
20378,GAB20378
20377,GAB20377
20361,GAB20361
20350,GAB20350
20349,GAB20349
20362,GAB20362
20367,GAB20367
20373,GAB20373
20345,GAB20345
20339,GAB20339
20369,GAB20369
20338,GAB20338
20348,GAB20348
20354,GAB20354
20341,GAB20341
20337,GAB20337
20376,GAB20376
20352,GAB20352
20351,GAB20351
20344,GAB20344
20357,GAB20357
20335,GAB20335
20334,GAB20334
20360,GAB20360
20331,GAB20331
20332,GAB20332
20333,GAB20333
20330,GAB20330
21605,GHA21605
21380,GHA21380
21607,GHA21607
21382,GHA21382
21609,GHA21609
21384,GHA21384
21611,GHA21611
21388,GHA21388
21386,GHA21386
21387,GHA21387
21389,GHA21389
21390,GHA21390
21391,GHA21391
21392,GHA21392
21393,GHA21393
21394,GHA21394
21395,GHA21395
21614,GHA21614
21397,GHA21397
21621,GHA21621
21399,GHA21399
21400,GHA21400
21378,GHA21378
21624,GHA21624
21403,GHA21403
21402,GHA21402
21407,GHA21407
21404,GHA21404
21405,GHA21405
21406,GHA21406
21604,GHA21604
21606,GHA21606
21608,GHA21608
21622,GHA21622
21610,GHA21610
21616,GHA21616
21613,GHA21613
21615,GHA21615
21617,GHA21617
21623,GHA21623
21618,GHA21618
21619,GHA21619
21620,GHA21620
21408,GHA21408
21409,GHA21409
21411,GHA21411
21412,GHA21412
21413,GHA21413
21414,GHA21414
21626,GHA21626
21416,GHA21416
21417,GHA21417
21418,GHA21418
21419,GHA21419
21420,GHA21420
21421,GHA21421
21422,GHA21422
21423,GHA21423
21424,GHA21424
21628,GHA21628
21427,GHA21427
21428,GHA21428
21429,GHA21429
21430,GHA21430
21431,GHA21431
21432,GHA21432
21433,GHA21433
21434,GHA21434
21435,GHA21435
21436,GHA21436
21625,GHA21625
21627,GHA21627
21437,GHA21437
21438,GHA21438
21439,GHA21439
21440,GHA21440
21441,GHA21441
21630,GHA21630
21443,GHA21443
21445,GHA21445
21444,GHA21444
21446,GHA21446
21447,GHA21447
21448,GHA21448
21632,GHA21632
21450,GHA21450
21451,GHA21451
21453,GHA21453
21455,GHA21455
21454,GHA21454
21456,GHA21456
21457,GHA21457
21629,GHA21629
21631,GHA21631
21472,GHA21472
21473,GHA21473
21634,GHA21634
21459,GHA21459
21460,GHA21460
21461,GHA21461
21636,GHA21636
21463,GHA21463
21638,GHA21638
21465,GHA21465
21640,GHA21640
21468,GHA21468
21642,GHA21642
21643,GHA21643
21471,GHA21471
21474,GHA21474
21476,GHA21476
21477,GHA21477
21478,GHA21478
21646,GHA21646
21480,GHA21480
21481,GHA21481
21482,GHA21482
21483,GHA21483
21484,GHA21484
21485,GHA21485
21641,GHA21641
21637,GHA21637
21635,GHA21635
21644,GHA21644
21645,GHA21645
21633,GHA21633
21656,GHA21656
21488,GHA21488
21489,GHA21489
21490,GHA21490
21487,GHA21487
21492,GHA21492
21493,GHA21493
21658,GHA21658
21660,GHA21660
21496,GHA21496
21498,GHA21498
21497,GHA21497
21662,GHA21662
21500,GHA21500
21501,GHA21501
21664,GHA21664
21648,GHA21648
21649,GHA21649
21651,GHA21651
21652,GHA21652
21653,GHA21653
21659,GHA21659
21661,GHA21661
21655,GHA21655
21657,GHA21657
21503,GHA21503
21665,GHA21665
21505,GHA21505
21506,GHA21506
21670,GHA21670
21508,GHA21508
21509,GHA21509
21510,GHA21510
21511,GHA21511
21512,GHA21512
21513,GHA21513
21514,GHA21514
21515,GHA21515
21516,GHA21516
21517,GHA21517
21518,GHA21518
21519,GHA21519
21668,GHA21668
21521,GHA21521
21523,GHA21523
21524,GHA21524
21525,GHA21525
21526,GHA21526
21527,GHA21527
21528,GHA21528
21529,GHA21529
21667,GHA21667
21666,GHA21666
21530,GHA21530
21531,GHA21531
21532,GHA21532
21672,GHA21672
21534,GHA21534
21536,GHA21536
21537,GHA21537
21673,GHA21673
21539,GHA21539
21540,GHA21540
21541,GHA21541
21542,GHA21542
21543,GHA21543
21671,GHA21671
21674,GHA21674
21544,GHA21544
21545,GHA21545
21546,GHA21546
21547,GHA21547
21548,GHA21548
21549,GHA21549
21550,GHA21550
21551,GHA21551
21552,GHA21552
21553,GHA21553
21554,GHA21554
21555,GHA21555
21556,GHA21556
21557,GHA21557
21559,GHA21559
21558,GHA21558
21560,GHA21560
21561,GHA21561
21562,GHA21562
21563,GHA21563
21564,GHA21564
21565,GHA21565
21566,GHA21566
21676,GHA21676
21568,GHA21568
21569,GHA21569
21570,GHA21570
21571,GHA21571
21572,GHA21572
21573,GHA21573
21574,GHA21574
21575,GHA21575
21576,GHA21576
21577,GHA21577
21578,GHA21578
21579,GHA21579
21580,GHA21580
21581,GHA21581
21583,GHA21583
21584,GHA21584
21585,GHA21585
21586,GHA21586
21587,GHA21587
21588,GHA21588
21589,GHA21589
21590,GHA21590
21601,GHA21601
21593,GHA21593
21595,GHA21595
21594,GHA21594
21678,GHA21678
21597,GHA21597
21598,GHA21598
21599,GHA21599
21600,GHA21600
21602,GHA21602
21603,GHA21603
21677,GHA21677
21592,GHA21592
21639,GHA21639
21647,GHA21647
21650,GHA21650
21654,GHA21654
21663,GHA21663
21669,GHA21669
21675,GHA21675
22616,GIN22616
22638,GIN22638
22604,GIN22604
22614,GIN22614
22632,GIN22632
22641,GIN22641
22633,GIN22633
22618,GIN22618
22615,GIN22615
22622,GIN22622
22607,GIN22607
22630,GIN22630
22609,GIN22609
22611,GIN22611
22625,GIN22625
22617,GIN22617
22624,GIN22624
22629,GIN22629
22635,GIN22635
22631,GIN22631
22623,GIN22623
22637,GIN22637
22639,GIN22639
22634,GIN22634
22613,GIN22613
22612,GIN22612
22620,GIN22620
22628,GIN22628
22640,GIN22640
22606,GIN22606
22621,GIN22621
22626,GIN22626
22610,GIN22610
22619,GIN22619
22627,GIN22627
22636,GIN22636
22608,GIN22608
22605,GIN22605
23756,GNB23756
23744,GNB23744
23705,GNB23705
23660,GNB23660
23727,GNB23727
23682,GNB23682
23755,GNB23755
23657,GNB23657
23650,GNB23650
23688,GNB23688
23743,GNB23743
23701,GNB23701
23656,GNB23656
23681,GNB23681
23738,GNB23738
23694,GNB23694
23709,GNB23709
23757,GNB23757
23758,GNB23758
23732,GNB23732
23662,GNB23662
23745,GNB23745
23742,GNB23742
23669,GNB23669
23726,GNB23726
23735,GNB23735
23719,GNB23719
23659,GNB23659
23734,GNB23734
23692,GNB23692
23721,GNB23721
23680,GNB23680
23658,GNB23658
23666,GNB23666
23661,GNB23661
23668,GNB23668
23663,GNB23663
23665,GNB23665
23664,GNB23664
23667,GNB23667
23646,GNB23646
23647,GNB23647
23678,GNB23678
23686,GNB23686
23689,GNB23689
23695,GNB23695
23690,GNB23690
23700,GNB23700
23696,GNB23696
23691,GNB23691
23687,GNB23687
23702,GNB23702
23685,GNB23685
23725,GNB23725
23724,GNB23724
23728,GNB23728
23713,GNB23713
23723,GNB23723
23715,GNB23715
23712,GNB23712
23711,GNB23711
23722,GNB23722
23710,GNB23710
23714,GNB23714
23716,GNB23716
23717,GNB23717
23739,GNB23739
23737,GNB23737
23731,GNB23731
23733,GNB23733
23736,GNB23736
23730,GNB23730
23707,GNB23707
23704,GNB23704
23708,GNB23708
23706,GNB23706
23740,GNB23740
23741,GNB23741
23750,GNB23750
23654,GNB23654
23653,GNB23653
23746,GNB23746
23747,GNB23747
23751,GNB23751
23652,GNB23652
23749,GNB23749
23752,GNB23752
23748,GNB23748
23648,GNB23648
23674,GNB23674
23643,GNB23643
23642,GNB23642
23670,GNB23670
23675,GNB23675
23673,GNB23673
23644,GNB23644
23676,GNB23676
23677,GNB23677
23671,GNB23671
23672,GNB23672
23679,GNB23679
23645,GNB23645
23655,GNB23655
23683,GNB23683
23684,GNB23684
23698,GNB23698
23697,GNB23697
23693,GNB23693
23699,GNB23699
23760,GNB23760
23753,GNB23753
23754,GNB23754
23759,GNB23759
23649,GNB23649
23651,GNB23651
23720,GNB23720
54253,KEN54253
54254,KEN54254
54255,KEN54255
54251,KEN54251
54249,KEN54249
54252,KEN54252
54250,KEN54250
54176,KEN54176
54175,KEN54175
54173,KEN54173
54177,KEN54177
54174,KEN54174
54172,KEN54172
54129,KEN54129
54130,KEN54130
54124,KEN54124
54122,KEN54122
54123,KEN54123
54125,KEN54125
54093,KEN54093
54090,KEN54090
54088,KEN54088
54091,KEN54091
54092,KEN54092
54089,KEN54089
54087,KEN54087
54234,KEN54234
54235,KEN54235
54236,KEN54236
54237,KEN54237
54238,KEN54238
54239,KEN54239
54229,KEN54229
54230,KEN54230
54231,KEN54231
54232,KEN54232
54233,KEN54233
54178,KEN54178
54179,KEN54179
54180,KEN54180
54181,KEN54181
54182,KEN54182
54183,KEN54183
54184,KEN54184
54126,KEN54126
54127,KEN54127
54128,KEN54128
54094,KEN54094
54095,KEN54095
54096,KEN54096
54097,KEN54097
54075,KEN54075
54076,KEN54076
54077,KEN54077
54078,KEN54078
54079,KEN54079
54080,KEN54080
54081,KEN54081
54082,KEN54082
54083,KEN54083
54084,KEN54084
54085,KEN54085
54086,KEN54086
54050,KEN54050
54051,KEN54051
54069,KEN54069
54070,KEN54070
54071,KEN54071
54072,KEN54072
54073,KEN54073
54074,KEN54074
54151,KEN54151
54152,KEN54152
54153,KEN54153
54154,KEN54154
54108,KEN54108
54110,KEN54110
54111,KEN54111
54112,KEN54112
54113,KEN54113
54107,KEN54107
54109,KEN54109
54146,KEN54146
54148,KEN54148
54145,KEN54145
54150,KEN54150
54149,KEN54149
54147,KEN54147
54282,KEN54282
54284,KEN54284
54285,KEN54285
54286,KEN54286
54036,KEN54036
54038,KEN54038
54040,KEN54040
54039,KEN54039
54041,KEN54041
54037,KEN54037
54281,KEN54281
54283,KEN54283
54287,KEN54287
54289,KEN54289
54290,KEN54290
54288,KEN54288
54270,KEN54270
54271,KEN54271
54272,KEN54272
54273,KEN54273
54274,KEN54274
54275,KEN54275
54266,KEN54266
54268,KEN54268
54264,KEN54264
54265,KEN54265
54269,KEN54269
54267,KEN54267
54259,KEN54259
54260,KEN54260
54261,KEN54261
54262,KEN54262
54263,KEN54263
54052,KEN54052
54056,KEN54056
54054,KEN54054
54055,KEN54055
54053,KEN54053
54185,KEN54185
54189,KEN54189
54191,KEN54191
54195,KEN54195
54188,KEN54188
54192,KEN54192
54194,KEN54194
54186,KEN54186
54193,KEN54193
54196,KEN54196
54197,KEN54197
54187,KEN54187
54198,KEN54198
54199,KEN54199
54200,KEN54200
54201,KEN54201
54190,KEN54190
54243,KEN54243
54164,KEN54164
54098,KEN54098
54099,KEN54099
54100,KEN54100
54101,KEN54101
54244,KEN54244
54225,KEN54225
54245,KEN54245
54042,KEN54042
54043,KEN54043
54044,KEN54044
54045,KEN54045
54102,KEN54102
54103,KEN54103
54226,KEN54226
54165,KEN54165
54166,KEN54166
54046,KEN54046
54227,KEN54227
54104,KEN54104
54105,KEN54105
54167,KEN54167
54047,KEN54047
54246,KEN54246
54168,KEN54168
54106,KEN54106
54048,KEN54048
54049,KEN54049
54169,KEN54169
54170,KEN54170
54247,KEN54247
54248,KEN54248
54171,KEN54171
54228,KEN54228
54163,KEN54163
54162,KEN54162
54161,KEN54161
54160,KEN54160
54159,KEN54159
54158,KEN54158
54157,KEN54157
54156,KEN54156
54155,KEN54155
54258,KEN54258
54257,KEN54257
54256,KEN54256
54034,KEN54034
54032,KEN54032
54035,KEN54035
54033,KEN54033
54140,KEN54140
54141,KEN54141
54143,KEN54143
54139,KEN54139
54142,KEN54142
54144,KEN54144
54120,KEN54120
54121,KEN54121
54119,KEN54119
54118,KEN54118
54116,KEN54116
54114,KEN54114
54115,KEN54115
54117,KEN54117
54133,KEN54133
54137,KEN54137
54136,KEN54136
54132,KEN54132
54135,KEN54135
54131,KEN54131
54138,KEN54138
54134,KEN54134
54212,KEN54212
54205,KEN54205
54203,KEN54203
54222,KEN54222
54223,KEN54223
54224,KEN54224
54007,KEN54007
54010,KEN54010
54008,KEN54008
54011,KEN54011
54009,KEN54009
54021,KEN54021
54057,KEN54057
54022,KEN54022
54023,KEN54023
54277,KEN54277
54013,KEN54013
54059,KEN54059
54015,KEN54015
54060,KEN54060
54061,KEN54061
54063,KEN54063
54024,KEN54024
54064,KEN54064
54016,KEN54016
54025,KEN54025
54279,KEN54279
54068,KEN54068
54026,KEN54026
54027,KEN54027
54018,KEN54018
54017,KEN54017
54280,KEN54280
54058,KEN54058
54062,KEN54062
54067,KEN54067
54065,KEN54065
54066,KEN54066
54012,KEN54012
54276,KEN54276
54278,KEN54278
54019,KEN54019
54014,KEN54014
54020,KEN54020
54216,KEN54216
54202,KEN54202
54001,KEN54001
54002,KEN54002
54003,KEN54003
54217,KEN54217
54004,KEN54004
54218,KEN54218
54204,KEN54204
54028,KEN54028
54029,KEN54029
54206,KEN54206
54207,KEN54207
54030,KEN54030
54031,KEN54031
54005,KEN54005
54208,KEN54208
54219,KEN54219
54209,KEN54209
54210,KEN54210
54211,KEN54211
54213,KEN54213
54214,KEN54214
54240,KEN54240
54241,KEN54241
54242,KEN54242
54215,KEN54215
54006,KEN54006
54221,KEN54221
54220,KEN54220
25808,LSO25808
25815,LSO25815
25814,LSO25814
25811,LSO25811
25809,LSO25809
25816,LSO25816
25810,LSO25810
25812,LSO25812
25817,LSO25817
25813,LSO25813
26818,LBR26818
26819,LBR26819
26820,LBR26820
26821,LBR26821
26822,LBR26822
26823,LBR26823
26824,LBR26824
26825,LBR26825
26826,LBR26826
26827,LBR26827
26828,LBR26828
26829,LBR26829
26831,LBR26831
26830,LBR26830
26832,LBR26832
27926,MDG27926
27847,MDG27847
27914,MDG27914
27844,MDG27844
27873,MDG27873
27895,MDG27895
27937,MDG27937
27877,MDG27877
27935,MDG27935
27897,MDG27897
27904,MDG27904
27851,MDG27851
27885,MDG27885
27932,MDG27932
27940,MDG27940
27884,MDG27884
27883,MDG27883
27931,MDG27931
27840,MDG27840
27834,MDG27834
27938,MDG27938
27916,MDG27916
27878,MDG27878
27919,MDG27919
27850,MDG27850
27890,MDG27890
27905,MDG27905
27835,MDG27835
27872,MDG27872
27854,MDG27854
27912,MDG27912
27858,MDG27858
27837,MDG27837
27943,MDG27943
27896,MDG27896
27902,MDG27902
27934,MDG27934
27886,MDG27886
27864,MDG27864
27863,MDG27863
27924,MDG27924
27845,MDG27845
27843,MDG27843
27901,MDG27901
27920,MDG27920
27917,MDG27917
27894,MDG27894
27925,MDG27925
27869,MDG27869
27941,MDG27941
27928,MDG27928
27868,MDG27868
27913,MDG27913
27906,MDG27906
27879,MDG27879
27898,MDG27898
27889,MDG27889
27909,MDG27909
27865,MDG27865
27862,MDG27862
27838,MDG27838
27888,MDG27888
27893,MDG27893
27833,MDG27833
27946,MDG27946
27875,MDG27875
27874,MDG27874
27849,MDG27849
27929,MDG27929
27866,MDG27866
27918,MDG27918
27930,MDG27930
27933,MDG27933
27876,MDG27876
27910,MDG27910
27842,MDG27842
27911,MDG27911
27848,MDG27848
27900,MDG27900
27855,MDG27855
27899,MDG27899
27871,MDG27871
27908,MDG27908
27907,MDG27907
27859,MDG27859
27891,MDG27891
27887,MDG27887
27852,MDG27852
27939,MDG27939
27882,MDG27882
27942,MDG27942
27846,MDG27846
27839,MDG27839
27915,MDG27915
27861,MDG27861
27927,MDG27927
27921,MDG27921
27923,MDG27923
27867,MDG27867
27841,MDG27841
27857,MDG27857
27836,MDG27836
27880,MDG27880
27892,MDG27892
27870,MDG27870
27856,MDG27856
27860,MDG27860
27945,MDG27945
27853,MDG27853
27922,MDG27922
27881,MDG27881
27903,MDG27903
27944,MDG27944
27936,MDG27936
28954,MWI28954
28971,MWI28971
28972,MWI28972
28951,MWI28951
28948,MWI28948
28968,MWI28968
28962,MWI28962
28952,MWI28952
28957,MWI28957
28963,MWI28963
28966,MWI28966
28950,MWI28950
28969,MWI28969
28949,MWI28949
28965,MWI28965
28961,MWI28961
28959,MWI28959
28947,MWI28947
28964,MWI28964
28946,MWI28946
28945,MWI28945
28970,MWI28970
28944,MWI28944
28958,MWI28958
28967,MWI28967
28955,MWI28955
28956,MWI28956
28953,MWI28953
28973,MWI28973
31067,MRT31067
31060,MRT31060
31065,MRT31065
31058,MRT31058
31040,MRT31040
31066,MRT31066
31081,MRT31081
31082,MRT31082
31037,MRT31037
31038,MRT31038
31083,MRT31083
31036,MRT31036
31051,MRT31051
31068,MRT31068
31035,MRT31035
31079,MRT31079
31080,MRT31080
31078,MRT31078
31070,MRT31070
31064,MRT31064
31044,MRT31044
31042,MRT31042
31061,MRT31061
31063,MRT31063
31059,MRT31059
31084,MRT31084
31087,MRT31087
31049,MRT31049
31086,MRT31086
31045,MRT31045
31088,MRT31088
31039,MRT31039
31085,MRT31085
31089,MRT31089
31055,MRT31055
31047,MRT31047
31046,MRT31046
31053,MRT31053
31048,MRT31048
31052,MRT31052
31043,MRT31043
31056,MRT31056
31054,MRT31054
31057,MRT31057
31062,MRT31062
31050,MRT31050
31075,MRT31075
31074,MRT31074
31071,MRT31071
31072,MRT31072
31069,MRT31069
31073,MRT31073
31076,MRT31076
31077,MRT31077
31091,MRT31091
31092,MRT31092
32090,MUS32090
32091,MUS32091
32092,MUS32092
32093,MUS32093
32094,MUS32094
32095,MUS32095
32096,MUS32096
32097,MUS32097
32099,MUS32099
32098,MUS32098
33254,MOZ33254
33238,MOZ33238
33209,MOZ33209
33134,MOZ33134
33142,MOZ33142
33203,MOZ33203
33101,MOZ33101
33257,MOZ33257
33230,MOZ33230
33145,MOZ33145
33139,MOZ33139
33223,MOZ33223
33144,MOZ33144
33112,MOZ33112
33214,MOZ33214
33171,MOZ33171
33204,MOZ33204
33217,MOZ33217
33260,MOZ33260
33234,MOZ33234
33166,MOZ33166
33162,MOZ33162
33222,MOZ33222
33140,MOZ33140
33211,MOZ33211
33190,MOZ33190
33196,MOZ33196
33258,MOZ33258
33111,MOZ33111
33157,MOZ33157
33262,MOZ33262
33219,MOZ33219
33187,MOZ33187
33237,MOZ33237
33159,MOZ33159
33158,MOZ33158
33185,MOZ33185
33184,MOZ33184
33197,MOZ33197
33225,MOZ33225
33110,MOZ33110
33130,MOZ33130
33147,MOZ33147
33180,MOZ33180
33152,MOZ33152
33182,MOZ33182
33136,MOZ33136
33168,MOZ33168
33248,MOZ33248
33141,MOZ33141
33220,MOZ33220
33224,MOZ33224
33243,MOZ33243
33210,MOZ33210
33186,MOZ33186
33193,MOZ33193
33233,MOZ33233
33108,MOZ33108
33131,MOZ33131
33127,MOZ33127
33104,MOZ33104
33231,MOZ33231
33201,MOZ33201
33246,MOZ33246
33148,MOZ33148
33137,MOZ33137
33216,MOZ33216
33227,MOZ33227
33100,MOZ33100
33155,MOZ33155
33249,MOZ33249
33138,MOZ33138
33181,MOZ33181
33202,MOZ33202
33173,MOZ33173
33105,MOZ33105
33253,MOZ33253
33188,MOZ33188
33113,MOZ33113
33109,MOZ33109
33226,MOZ33226
33205,MOZ33205
33236,MOZ33236
33192,MOZ33192
33212,MOZ33212
33241,MOZ33241
33179,MOZ33179
33206,MOZ33206
33143,MOZ33143
33242,MOZ33242
33183,MOZ33183
33199,MOZ33199
33256,MOZ33256
33218,MOZ33218
33129,MOZ33129
33114,MOZ33114
33107,MOZ33107
33149,MOZ33149
33146,MOZ33146
33200,MOZ33200
33178,MOZ33178
33115,MOZ33115
33221,MOZ33221
33198,MOZ33198
33195,MOZ33195
33213,MOZ33213
33106,MOZ33106
33247,MOZ33247
33102,MOZ33102
33259,MOZ33259
33175,MOZ33175
33160,MOZ33160
33156,MOZ33156
33191,MOZ33191
33208,MOZ33208
33229,MOZ33229
33150,MOZ33150
33153,MOZ33153
33207,MOZ33207
33116,MOZ33116
33251,MOZ33251
33172,MOZ33172
33194,MOZ33194
33151,MOZ33151
33244,MOZ33244
33239,MOZ33239
33215,MOZ33215
33103,MOZ33103
33174,MOZ33174
33176,MOZ33176
33177,MOZ33177
33189,MOZ33189
33240,MOZ33240
33245,MOZ33245
33250,MOZ33250
33252,MOZ33252
33255,MOZ33255
33228,MOZ33228
33235,MOZ33235
33232,MOZ33232
33154,MOZ33154
33161,MOZ33161
33118,MOZ33118
33117,MOZ33117
33163,MOZ33163
33120,MOZ33120
33123,MOZ33123
33122,MOZ33122
33119,MOZ33119
33167,MOZ33167
33121,MOZ33121
33169,MOZ33169
33164,MOZ33164
33098,MOZ33098
33165,MOZ33165
33124,MOZ33124
33132,MOZ33132
33135,MOZ33135
33128,MOZ33128
33133,MOZ33133
33125,MOZ33125
33126,MOZ33126
34260,NAM34260
34261,NAM34261
34262,NAM34262
34263,NAM34263
34264,NAM34264
34265,NAM34265
34266,NAM34266
34267,NAM34267
34268,NAM34268
34269,NAM34269
34270,NAM34270
34271,NAM34271
34272,NAM34272
34273,NAM34273
34274,NAM34274
34275,NAM34275
34276,NAM34276
34277,NAM34277
34278,NAM34278
34279,NAM34279
34280,NAM34280
34281,NAM34281
34282,NAM34282
34283,NAM34283
34284,NAM34284
34285,NAM34285
34286,NAM34286
34287,NAM34287
34288,NAM34288
34289,NAM34289
34290,NAM34290
34291,NAM34291
34292,NAM34292
34293,NAM34293
35372,NER35372
35316,NER35316
35341,NER35341
35354,NER35354
35337,NER35337
35382,NER35382
35365,NER35365
35373,NER35373
35375,NER35375
35379,NER35379
35391,NER35391
35357,NER35357
35296,NER35296
35362,NER35362
35348,NER35348
35343,NER35343
35318,NER35318
35356,NER35356
35388,NER35388
35342,NER35342
35353,NER35353
35350,NER35350
35302,NER35302
35386,NER35386
35349,NER35349
35371,NER35371
35352,NER35352
35355,NER35355
35380,NER35380
35345,NER35345
35383,NER35383
35308,NER35308
35338,NER35338
35364,NER35364
35340,NER35340
35333,NER35333
35320,NER35320
35326,NER35326
35305,NER35305
35321,NER35321
35309,NER35309
35385,NER35385
35344,NER35344
35363,NER35363
35310,NER35310
35311,NER35311
35387,NER35387
35347,NER35347
35346,NER35346
35360,NER35360
35374,NER35374
35376,NER35376
35366,NER35366
35389,NER35389
35390,NER35390
35369,NER35369
35368,NER35368
35294,NER35294
35378,NER35378
35384,NER35384
35312,NER35312
35351,NER35351
35381,NER35381
35370,NER35370
35377,NER35377
35367,NER35367
35336,NER35336
35339,NER35339
35315,NER35315
35359,NER35359
35358,NER35358
35361,NER35361
36751,NGA36751
36752,NGA36752
36753,NGA36753
36754,NGA36754
36755,NGA36755
36757,NGA36757
36758,NGA36758
36756,NGA36756
36463,NGA36463
36771,NGA36771
36772,NGA36772
36773,NGA36773
36774,NGA36774
36775,NGA36775
36776,NGA36776
36777,NGA36777
36778,NGA36778
36779,NGA36779
36780,NGA36780
36781,NGA36781
36782,NGA36782
36783,NGA36783
36784,NGA36784
36785,NGA36785
36786,NGA36786
36787,NGA36787
36788,NGA36788
36789,NGA36789
36790,NGA36790
36791,NGA36791
36802,NGA36802
36792,NGA36792
36793,NGA36793
36794,NGA36794
36795,NGA36795
36796,NGA36796
36797,NGA36797
36798,NGA36798
36799,NGA36799
36350,NGA36350
36352,NGA36352
36353,NGA36353
37038,NGA37038
37039,NGA37039
36635,NGA36635
36939,NGA36939
36942,NGA36942
36943,NGA36943
36944,NGA36944
36945,NGA36945
36946,NGA36946
36947,NGA36947
36949,NGA36949
36950,NGA36950
36951,NGA36951
36948,NGA36948
36952,NGA36952
36953,NGA36953
36954,NGA36954
36955,NGA36955
36956,NGA36956
36957,NGA36957
36958,NGA36958
36959,NGA36959
36960,NGA36960
36961,NGA36961
36962,NGA36962
36963,NGA36963
36964,NGA36964
36965,NGA36965
36967,NGA36967
36966,NGA36966
36968,NGA36968
36634,NGA36634
36633,NGA36633
36575,NGA36575
36576,NGA36576
36577,NGA36577
36442,NGA36442
36443,NGA36443
36444,NGA36444
36445,NGA36445
36446,NGA36446
36447,NGA36447
36827,NGA36827
36341,NGA36341
36342,NGA36342
36343,NGA36343
36344,NGA36344
36345,NGA36345
37062,NGA37062
37063,NGA37063
37064,NGA37064
37065,NGA37065
37105,NGA37105
37106,NGA37106
37107,NGA37107
37108,NGA37108
36496,NGA36496
36497,NGA36497
36481,NGA36481
36482,NGA36482
36483,NGA36483
36484,NGA36484
36485,NGA36485
36486,NGA36486
36487,NGA36487
36569,NGA36569
36570,NGA36570
36571,NGA36571
36572,NGA36572
36573,NGA36573
36892,NGA36892
36893,NGA36893
36894,NGA36894
36895,NGA36895
36896,NGA36896
36897,NGA36897
36898,NGA36898
36899,NGA36899
36900,NGA36900
36901,NGA36901
36721,NGA36721
36722,NGA36722
36723,NGA36723
36724,NGA36724
36725,NGA36725
36759,NGA36759
36760,NGA36760
36761,NGA36761
36762,NGA36762
36578,NGA36578
36579,NGA36579
36581,NGA36581
36582,NGA36582
36583,NGA36583
36584,NGA36584
36585,NGA36585
36580,NGA36580
36586,NGA36586
36587,NGA36587
36588,NGA36588
36589,NGA36589
36590,NGA36590
36591,NGA36591
36592,NGA36592
36593,NGA36593
36594,NGA36594
36595,NGA36595
36596,NGA36596
36597,NGA36597
36598,NGA36598
36599,NGA36599
36600,NGA36600
36601,NGA36601
36602,NGA36602
36603,NGA36603
36604,NGA36604
36605,NGA36605
36606,NGA36606
36607,NGA36607
36608,NGA36608
36609,NGA36609
36610,NGA36610
36611,NGA36611
36613,NGA36613
36480,NGA36480
36499,NGA36499
36500,NGA36500
36501,NGA36501
36502,NGA36502
36503,NGA36503
37055,NGA37055
37057,NGA37057
37056,NGA37056
37058,NGA37058
37059,NGA37059
37060,NGA37060
37061,NGA37061
37040,NGA37040
37041,NGA37041
37042,NGA37042
36409,NGA36409
36410,NGA36410
36411,NGA36411
36395,NGA36395
37043,NGA37043
36396,NGA36396
36397,NGA36397
36398,NGA36398
36399,NGA36399
36400,NGA36400
36401,NGA36401
36402,NGA36402
36403,NGA36403
36404,NGA36404
36405,NGA36405
36406,NGA36406
36407,NGA36407
36408,NGA36408
36351,NGA36351
36354,NGA36354
37044,NGA37044
37045,NGA37045
37046,NGA37046
37047,NGA37047
37048,NGA37048
37049,NGA37049
36985,NGA36985
36986,NGA36986
36987,NGA36987
36988,NGA36988
36989,NGA36989
36990,NGA36990
36991,NGA36991
36992,NGA36992
36993,NGA36993
36994,NGA36994
36995,NGA36995
36996,NGA36996
36997,NGA36997
36998,NGA36998
36999,NGA36999
37000,NGA37000
37001,NGA37001
37002,NGA37002
37003,NGA37003
37004,NGA37004
37005,NGA37005
37006,NGA37006
36841,NGA36841
36842,NGA36842
36843,NGA36843
36844,NGA36844
36845,NGA36845
36846,NGA36846
36847,NGA36847
36848,NGA36848
36849,NGA36849
36850,NGA36850
36851,NGA36851
36852,NGA36852
36853,NGA36853
36854,NGA36854
36855,NGA36855
36856,NGA36856
37050,NGA37050
36488,NGA36488
36489,NGA36489
36490,NGA36490
36491,NGA36491
36492,NGA36492
36493,NGA36493
36494,NGA36494
36495,NGA36495
36498,NGA36498
36564,NGA36564
36565,NGA36565
36566,NGA36566
36567,NGA36567
36568,NGA36568
36690,NGA36690
36691,NGA36691
36692,NGA36692
36693,NGA36693
36694,NGA36694
36695,NGA36695
36696,NGA36696
36697,NGA36697
36698,NGA36698
36699,NGA36699
36700,NGA36700
36701,NGA36701
37020,NGA37020
37021,NGA37021
37109,NGA37109
37110,NGA37110
36617,NGA36617
36618,NGA36618
36619,NGA36619
36620,NGA36620
36621,NGA36621
36622,NGA36622
36623,NGA36623
36624,NGA36624
36625,NGA36625
36626,NGA36626
36627,NGA36627
36628,NGA36628
36629,NGA36629
36630,NGA36630
36631,NGA36631
36632,NGA36632
36337,NGA36337
36338,NGA36338
36339,NGA36339
36340,NGA36340
36346,NGA36346
36347,NGA36347
36348,NGA36348
36349,NGA36349
36413,NGA36413
36414,NGA36414
36415,NGA36415
36392,NGA36392
36393,NGA36393
36394,NGA36394
36373,NGA36373
36374,NGA36374
36375,NGA36375
36376,NGA36376
36377,NGA36377
36378,NGA36378
36379,NGA36379
36380,NGA36380
36381,NGA36381
36382,NGA36382
36675,NGA36675
36676,NGA36676
36677,NGA36677
36678,NGA36678
36679,NGA36679
36680,NGA36680
36681,NGA36681
36682,NGA36682
36683,NGA36683
36684,NGA36684
36685,NGA36685
36686,NGA36686
36687,NGA36687
36891,NGA36891
36902,NGA36902
36903,NGA36903
36904,NGA36904
36416,NGA36416
36417,NGA36417
36418,NGA36418
36419,NGA36419
36547,NGA36547
36548,NGA36548
36549,NGA36549
36550,NGA36550
36551,NGA36551
36552,NGA36552
36553,NGA36553
36554,NGA36554
36555,NGA36555
36556,NGA36556
36557,NGA36557
36873,NGA36873
36874,NGA36874
36875,NGA36875
36876,NGA36876
36877,NGA36877
36878,NGA36878
36879,NGA36879
36880,NGA36880
36928,NGA36928
36929,NGA36929
36930,NGA36930
36931,NGA36931
36355,NGA36355
36356,NGA36356
36357,NGA36357
36358,NGA36358
36359,NGA36359
36360,NGA36360
36361,NGA36361
36362,NGA36362
36363,NGA36363
36364,NGA36364
36365,NGA36365
36366,NGA36366
36367,NGA36367
36368,NGA36368
36369,NGA36369
36370,NGA36370
36371,NGA36371
36372,NGA36372
36383,NGA36383
36384,NGA36384
36385,NGA36385
36386,NGA36386
36387,NGA36387
36388,NGA36388
36389,NGA36389
36390,NGA36390
36412,NGA36412
36981,NGA36981
36982,NGA36982
36983,NGA36983
36984,NGA36984
36420,NGA36420
36421,NGA36421
36422,NGA36422
36423,NGA36423
36424,NGA36424
36425,NGA36425
36426,NGA36426
36427,NGA36427
36428,NGA36428
36429,NGA36429
36430,NGA36430
36431,NGA36431
36432,NGA36432
36433,NGA36433
36434,NGA36434
36435,NGA36435
36436,NGA36436
36437,NGA36437
36438,NGA36438
36439,NGA36439
36440,NGA36440
36441,NGA36441
37022,NGA37022
37023,NGA37023
37024,NGA37024
37025,NGA37025
37026,NGA37026
37027,NGA37027
37028,NGA37028
37029,NGA37029
37030,NGA37030
37031,NGA37031
37032,NGA37032
37033,NGA37033
37034,NGA37034
37035,NGA37035
37036,NGA37036
37037,NGA37037
37051,NGA37051
37052,NGA37052
37053,NGA37053
37054,NGA37054
36448,NGA36448
36449,NGA36449
36450,NGA36450
36451,NGA36451
36452,NGA36452
36453,NGA36453
36454,NGA36454
36455,NGA36455
36456,NGA36456
36457,NGA36457
36458,NGA36458
36459,NGA36459
36460,NGA36460
36461,NGA36461
36462,NGA36462
36770,NGA36770
36464,NGA36464
36465,NGA36465
36466,NGA36466
36467,NGA36467
36468,NGA36468
36469,NGA36469
36470,NGA36470
36471,NGA36471
36472,NGA36472
36473,NGA36473
36474,NGA36474
36475,NGA36475
36476,NGA36476
36477,NGA36477
36478,NGA36478
36479,NGA36479
36504,NGA36504
36505,NGA36505
36506,NGA36506
36507,NGA36507
36508,NGA36508
36509,NGA36509
36510,NGA36510
36511,NGA36511
36513,NGA36513
36512,NGA36512
36514,NGA36514
36515,NGA36515
36516,NGA36516
36517,NGA36517
36518,NGA36518
36519,NGA36519
36520,NGA36520
36521,NGA36521
36522,NGA36522
36523,NGA36523
36524,NGA36524
36525,NGA36525
36526,NGA36526
36528,NGA36528
36527,NGA36527
36529,NGA36529
36530,NGA36530
36531,NGA36531
36532,NGA36532
36533,NGA36533
36534,NGA36534
36969,NGA36969
36970,NGA36970
36971,NGA36971
36972,NGA36972
36973,NGA36973
36974,NGA36974
36975,NGA36975
36976,NGA36976
36977,NGA36977
36978,NGA36978
36979,NGA36979
36980,NGA36980
36535,NGA36535
36536,NGA36536
36537,NGA36537
36538,NGA36538
36539,NGA36539
36540,NGA36540
36541,NGA36541
36542,NGA36542
36543,NGA36543
36544,NGA36544
36545,NGA36545
36546,NGA36546
36558,NGA36558
36559,NGA36559
36560,NGA36560
36561,NGA36561
36562,NGA36562
36563,NGA36563
36574,NGA36574
36612,NGA36612
36614,NGA36614
36615,NGA36615
36616,NGA36616
36636,NGA36636
36637,NGA36637
36638,NGA36638
36639,NGA36639
36640,NGA36640
36641,NGA36641
36642,NGA36642
36643,NGA36643
36644,NGA36644
36645,NGA36645
36646,NGA36646
36647,NGA36647
36649,NGA36649
36650,NGA36650
36651,NGA36651
36652,NGA36652
36655,NGA36655
36653,NGA36653
36654,NGA36654
36648,NGA36648
36656,NGA36656
36657,NGA36657
36659,NGA36659
36658,NGA36658
36660,NGA36660
36661,NGA36661
36662,NGA36662
36663,NGA36663
36664,NGA36664
36665,NGA36665
36666,NGA36666
36667,NGA36667
36668,NGA36668
36669,NGA36669
36670,NGA36670
36671,NGA36671
36672,NGA36672
36673,NGA36673
36674,NGA36674
36688,NGA36688
36689,NGA36689
36702,NGA36702
36703,NGA36703
36704,NGA36704
36705,NGA36705
36706,NGA36706
36707,NGA36707
36708,NGA36708
36709,NGA36709
36710,NGA36710
36711,NGA36711
36712,NGA36712
36713,NGA36713
36715,NGA36715
36714,NGA36714
36716,NGA36716
36717,NGA36717
36718,NGA36718
36719,NGA36719
36720,NGA36720
36763,NGA36763
36764,NGA36764
36765,NGA36765
36766,NGA36766
36767,NGA36767
36768,NGA36768
36769,NGA36769
36726,NGA36726
36727,NGA36727
36728,NGA36728
36729,NGA36729
36730,NGA36730
36731,NGA36731
36732,NGA36732
36733,NGA36733
36734,NGA36734
36735,NGA36735
36736,NGA36736
36737,NGA36737
36738,NGA36738
36739,NGA36739
36740,NGA36740
36741,NGA36741
36742,NGA36742
36743,NGA36743
36744,NGA36744
36745,NGA36745
36746,NGA36746
36747,NGA36747
36748,NGA36748
36749,NGA36749
36750,NGA36750
36800,NGA36800
36801,NGA36801
36803,NGA36803
36804,NGA36804
36805,NGA36805
36806,NGA36806
36807,NGA36807
36808,NGA36808
36809,NGA36809
36810,NGA36810
36811,NGA36811
36812,NGA36812
36813,NGA36813
36814,NGA36814
36815,NGA36815
36816,NGA36816
36817,NGA36817
36818,NGA36818
36819,NGA36819
36820,NGA36820
36821,NGA36821
36822,NGA36822
36823,NGA36823
36824,NGA36824
36825,NGA36825
36826,NGA36826
36828,NGA36828
36829,NGA36829
36830,NGA36830
36831,NGA36831
36832,NGA36832
36833,NGA36833
36834,NGA36834
36835,NGA36835
36836,NGA36836
36837,NGA36837
36838,NGA36838
36839,NGA36839
36840,NGA36840
36857,NGA36857
36858,NGA36858
36859,NGA36859
36860,NGA36860
36861,NGA36861
36862,NGA36862
36863,NGA36863
36864,NGA36864
36865,NGA36865
36866,NGA36866
36867,NGA36867
36868,NGA36868
36869,NGA36869
36870,NGA36870
36871,NGA36871
36872,NGA36872
36881,NGA36881
36882,NGA36882
36883,NGA36883
36884,NGA36884
36885,NGA36885
36886,NGA36886
36887,NGA36887
36888,NGA36888
36889,NGA36889
36890,NGA36890
36905,NGA36905
36906,NGA36906
36908,NGA36908
36907,NGA36907
36910,NGA36910
36909,NGA36909
36911,NGA36911
36912,NGA36912
36913,NGA36913
36914,NGA36914
36915,NGA36915
36916,NGA36916
36917,NGA36917
36918,NGA36918
36919,NGA36919
36920,NGA36920
36922,NGA36922
36923,NGA36923
36921,NGA36921
36924,NGA36924
36925,NGA36925
36926,NGA36926
36927,NGA36927
36932,NGA36932
36933,NGA36933
36934,NGA36934
36935,NGA36935
36936,NGA36936
36937,NGA36937
36940,NGA36940
36941,NGA36941
36938,NGA36938
37007,NGA37007
37008,NGA37008
37009,NGA37009
37010,NGA37010
37011,NGA37011
37012,NGA37012
37013,NGA37013
37014,NGA37014
37015,NGA37015
37016,NGA37016
37017,NGA37017
37018,NGA37018
37019,NGA37019
37066,NGA37066
37067,NGA37067
37068,NGA37068
37069,NGA37069
37070,NGA37070
37071,NGA37071
37072,NGA37072
37073,NGA37073
37074,NGA37074
37075,NGA37075
37076,NGA37076
37077,NGA37077
37078,NGA37078
37079,NGA37079
37080,NGA37080
37081,NGA37081
37082,NGA37082
37083,NGA37083
37084,NGA37084
37085,NGA37085
37086,NGA37086
37087,NGA37087
37088,NGA37088
37089,NGA37089
37090,NGA37090
37091,NGA37091
37092,NGA37092
37093,NGA37093
37094,NGA37094
37095,NGA37095
37096,NGA37096
37097,NGA37097
37098,NGA37098
37099,NGA37099
37100,NGA37100
37101,NGA37101
37102,NGA37102
37103,NGA37103
37104,NGA37104
36391,NGA36391
38111,RWA38111
38112,RWA38112
38113,RWA38113
38114,RWA38114
38115,RWA38115
38116,RWA38116
38117,RWA38117
38118,RWA38118
38119,RWA38119
38120,RWA38120
38121,RWA38121
38122,RWA38122
38123,RWA38123
38124,RWA38124
38125,RWA38125
38126,RWA38126
38127,RWA38127
38128,RWA38128
38129,RWA38129
38130,RWA38130
38131,RWA38131
38132,RWA38132
38133,RWA38133
38134,RWA38134
38136,RWA38136
38137,RWA38137
38138,RWA38138
38139,RWA38139
38140,RWA38140
38141,RWA38141
40214,SEN40214
40219,SEN40219
40193,SEN40193
40188,SEN40188
40200,SEN40200
40190,SEN40190
40161,SEN40161
40224,SEN40224
40182,SEN40182
40207,SEN40207
40156,SEN40156
40199,SEN40199
40201,SEN40201
40170,SEN40170
40172,SEN40172
40157,SEN40157
40226,SEN40226
40222,SEN40222
40165,SEN40165
40210,SEN40210
40183,SEN40183
40229,SEN40229
40189,SEN40189
40221,SEN40221
40162,SEN40162
40173,SEN40173
40197,SEN40197
40187,SEN40187
40205,SEN40205
40208,SEN40208
40206,SEN40206
40180,SEN40180
40160,SEN40160
40212,SEN40212
40184,SEN40184
40178,SEN40178
40179,SEN40179
40181,SEN40181
40186,SEN40186
40198,SEN40198
40195,SEN40195
40194,SEN40194
40209,SEN40209
40211,SEN40211
40174,SEN40174
40171,SEN40171
40202,SEN40202
40203,SEN40203
40216,SEN40216
40166,SEN40166
40169,SEN40169
40164,SEN40164
40176,SEN40176
40223,SEN40223
40225,SEN40225
40163,SEN40163
40168,SEN40168
40167,SEN40167
40192,SEN40192
40185,SEN40185
40191,SEN40191
40196,SEN40196
40213,SEN40213
40215,SEN40215
40217,SEN40217
40218,SEN40218
40220,SEN40220
40177,SEN40177
40175,SEN40175
40159,SEN40159
40155,SEN40155
40149,SEN40149
40152,SEN40152
40154,SEN40154
40227,SEN40227
40150,SEN40150
40228,SEN40228
40230,SEN40230
41246,SYC41246
41249,SYC41249
41239,SYC41239
41242,SYC41242
41233,SYC41233
41252,SYC41252
41232,SYC41232
41230,SYC41230
41228,SYC41228
41231,SYC41231
41248,SYC41248
41227,SYC41227
41237,SYC41237
41240,SYC41240
41250,SYC41250
41247,SYC41247
41243,SYC41243
41236,SYC41236
41245,SYC41245
41235,SYC41235
41251,SYC41251
41244,SYC41244
41238,SYC41238
41234,SYC41234
41229,SYC41229
41241,SYC41241
56001,SOM56001
56002,SOM56002
56003,SOM56003
56004,SOM56004
56005,SOM56005
56006,SOM56006
56007,SOM56007
56008,SOM56008
56011,SOM56011
56009,SOM56009
56013,SOM56013
56014,SOM56014
56015,SOM56015
56012,SOM56012
56010,SOM56010
56016,SOM56016
56017,SOM56017
56018,SOM56018
43316,ZAF43316
43306,ZAF43306
43273,ZAF43273
43313,ZAF43313
43317,ZAF43317
43272,ZAF43272
43318,ZAF43318
43269,ZAF43269
43314,ZAF43314
43268,ZAF43268
43274,ZAF43274
43315,ZAF43315
43270,ZAF43270
43267,ZAF43267
43271,ZAF43271
43287,ZAF43287
43293,ZAF43293
43286,ZAF43286
43295,ZAF43295
43294,ZAF43294
43279,ZAF43279
43311,ZAF43311
43291,ZAF43291
43290,ZAF43290
43310,ZAF43310
43289,ZAF43289
43308,ZAF43308
43285,ZAF43285
43292,ZAF43292
43276,ZAF43276
43288,ZAF43288
43275,ZAF43275
43282,ZAF43282
43309,ZAF43309
43305,ZAF43305
43280,ZAF43280
43281,ZAF43281
43284,ZAF43284
43302,ZAF43302
43307,ZAF43307
43283,ZAF43283
43303,ZAF43303
43312,ZAF43312
43304,ZAF43304
43298,ZAF43298
43301,ZAF43301
43297,ZAF43297
43296,ZAF43296
43300,ZAF43300
43299,ZAF43299
43278,ZAF43278
43277,ZAF43277
44367,SSD44367
44363,SSD44363
44369,SSD44369
44362,SSD44362
44370,SSD44370
44364,SSD44364
44353,SSD44353
44351,SSD44351
44355,SSD44355
44360,SSD44360
44357,SSD44357
44361,SSD44361
44359,SSD44359
44358,SSD44358
44368,SSD44368
44366,SSD44366
44365,SSD44365
44388,SSD44388
44322,SSD44322
44320,SSD44320
44321,SSD44321
44324,SSD44324
44319,SSD44319
44323,SSD44323
44331,SSD44331
44326,SSD44326
44329,SSD44329
44325,SSD44325
44332,SSD44332
44328,SSD44328
44330,SSD44330
44327,SSD44327
44349,SSD44349
44356,SSD44356
44354,SSD44354
44352,SSD44352
44350,SSD44350
44397,SSD44397
44395,SSD44395
44390,SSD44390
44396,SSD44396
44386,SSD44386
44387,SSD44387
44384,SSD44384
44385,SSD44385
44389,SSD44389
44403,SSD44403
44401,SSD44401
44402,SSD44402
44392,SSD44392
44394,SSD44394
44393,SSD44393
44391,SSD44391
44400,SSD44400
44341,SSD44341
44338,SSD44338
44342,SSD44342
44382,SSD44382
44376,SSD44376
44374,SSD44374
44373,SSD44373
44335,SSD44335
44343,SSD44343
44380,SSD44380
44377,SSD44377
44371,SSD44371
44372,SSD44372
44346,SSD44346
44344,SSD44344
44336,SSD44336
44347,SSD44347
44333,SSD44333
44334,SSD44334
44379,SSD44379
44378,SSD44378
44381,SSD44381
44375,SSD44375
44399,SSD44399
39142,STP39142
39145,STP39145
39146,STP39146
39143,STP39143
39148,STP39148
39144,STP39144
39147,STP39147
66142,SDN66142
66026,SDN66026
66063,SDN66063
66064,SDN66064
66143,SDN66143
66065,SDN66065
66066,SDN66066
66067,SDN66067
66068,SDN66068
66077,SDN66077
66144,SDN66144
66145,SDN66145
66146,SDN66146
66070,SDN66070
66147,SDN66147
66071,SDN66071
66148,SDN66148
66073,SDN66073
66074,SDN66074
66028,SDN66028
66029,SDN66029
66030,SDN66030
66075,SDN66075
66149,SDN66149
66032,SDN66032
66078,SDN66078
66033,SDN66033
66034,SDN66034
66037,SDN66037
66116,SDN66116
66041,SDN66041
66115,SDN66115
66027,SDN66027
66121,SDN66121
66129,SDN66129
66126,SDN66126
66043,SDN66043
66128,SDN66128
66112,SDN66112
66122,SDN66122
66042,SDN66042
66118,SDN66118
66031,SDN66031
66036,SDN66036
66127,SDN66127
66120,SDN66120
66125,SDN66125
66119,SDN66119
66039,SDN66039
66113,SDN66113
66040,SDN66040
66038,SDN66038
66124,SDN66124
66044,SDN66044
66117,SDN66117
66123,SDN66123
66072,SDN66072
66062,SDN66062
66076,SDN66076
66069,SDN66069
66114,SDN66114
66025,SDN66025
66035,SDN66035
66056,SDN66056
66060,SDN66060
66055,SDN66055
66059,SDN66059
66057,SDN66057
66061,SDN66061
66058,SDN66058
66097,SDN66097
66092,SDN66092
66095,SDN66095
66096,SDN66096
66016,SDN66016
66054,SDN66054
66051,SDN66051
66050,SDN66050
66049,SDN66049
66053,SDN66053
66052,SDN66052
66046,SDN66046
66045,SDN66045
66048,SDN66048
66047,SDN66047
66099,SDN66099
66102,SDN66102
66104,SDN66104
66103,SDN66103
66100,SDN66100
66101,SDN66101
66089,SDN66089
66087,SDN66087
66084,SDN66084
66088,SDN66088
66086,SDN66086
66085,SDN66085
66090,SDN66090
66158,SDN66158
66154,SDN66154
66083,SDN66083
66081,SDN66081
66082,SDN66082
66079,SDN66079
66080,SDN66080
66150,SDN66150
66159,SDN66159
66007,SDN66007
66004,SDN66004
66006,SDN66006
66005,SDN66005
66001,SDN66001
66002,SDN66002
66003,SDN66003
66023,SDN66023
66021,SDN66021
66024,SDN66024
66020,SDN66020
66019,SDN66019
66105,SDN66105
66111,SDN66111
66106,SDN66106
66107,SDN66107
66108,SDN66108
66109,SDN66109
66110,SDN66110
66160,SDN66160
66167,SDN66167
66165,SDN66165
66164,SDN66164
66166,SDN66166
66162,SDN66162
66161,SDN66161
66008,SDN66008
66009,SDN66009
66015,SDN66015
66012,SDN66012
66010,SDN66010
66013,SDN66013
66011,SDN66011
66017,SDN66017
66014,SDN66014
66093,SDN66093
66022,SDN66022
66091,SDN66091
66098,SDN66098
66163,SDN66163
66156,SDN66156
66155,SDN66155
66151,SDN66151
66130,SDN66130
66140,SDN66140
66134,SDN66134
66141,SDN66141
66152,SDN66152
66138,SDN66138
66132,SDN66132
66133,SDN66133
66136,SDN66136
66139,SDN66139
66137,SDN66137
66131,SDN66131
66153,SDN66153
44383,SSD44383
66157,SDN66157
66135,SDN66135
66018,SDN66018
66094,SDN66094
46638,TZA46638
46593,TZA46593
46534,TZA46534
46600,TZA46600
46481,TZA46481
46578,TZA46578
46489,TZA46489
46502,TZA46502
46513,TZA46513
46625,TZA46625
46473,TZA46473
46618,TZA46618
46464,TZA46464
46553,TZA46553
46569,TZA46569
46607,TZA46607
46510,TZA46510
46592,TZA46592
46531,TZA46531
46587,TZA46587
46564,TZA46564
46487,TZA46487
46605,TZA46605
46466,TZA46466
46596,TZA46596
46500,TZA46500
46572,TZA46572
46590,TZA46590
46616,TZA46616
46514,TZA46514
46560,TZA46560
46539,TZA46539
46463,TZA46463
46475,TZA46475
46485,TZA46485
46509,TZA46509
46556,TZA46556
46480,TZA46480
46530,TZA46530
46603,TZA46603
46585,TZA46585
46580,TZA46580
46570,TZA46570
46459,TZA46459
46482,TZA46482
46504,TZA46504
46574,TZA46574
46474,TZA46474
46536,TZA46536
46567,TZA46567
46644,TZA46644
46551,TZA46551
46582,TZA46582
46479,TZA46479
46598,TZA46598
46620,TZA46620
46492,TZA46492
46527,TZA46527
46517,TZA46517
46579,TZA46579
46562,TZA46562
46511,TZA46511
46591,TZA46591
46624,TZA46624
46611,TZA46611
46486,TZA46486
46476,TZA46476
46631,TZA46631
46470,TZA46470
46461,TZA46461
46483,TZA46483
46559,TZA46559
46516,TZA46516
46597,TZA46597
46576,TZA46576
46507,TZA46507
46568,TZA46568
46542,TZA46542
46604,TZA46604
46586,TZA46586
46581,TZA46581
46557,TZA46557
46622,TZA46622
46550,TZA46550
46610,TZA46610
46595,TZA46595
46477,TZA46477
46472,TZA46472
46506,TZA46506
46599,TZA46599
46535,TZA46535
46565,TZA46565
46589,TZA46589
46548,TZA46548
46554,TZA46554
46528,TZA46528
46583,TZA46583
46493,TZA46493
46465,TZA46465
46518,TZA46518
46577,TZA46577
46563,TZA46563
46608,TZA46608
46505,TZA46505
46460,TZA46460
46469,TZA46469
46498,TZA46498
46488,TZA46488
46613,TZA46613
46558,TZA46558
46515,TZA46515
46575,TZA46575
46566,TZA46566
46540,TZA46540
46602,TZA46602
46508,TZA46508
46549,TZA46549
46555,TZA46555
46584,TZA46584
46529,TZA46529
46609,TZA46609
46526,TZA46526
46471,TZA46471
46499,TZA46499
46606,TZA46606
46573,TZA46573
46615,TZA46615
46462,TZA46462
46552,TZA46552
46537,TZA46537
46491,TZA46491
46561,TZA46561
46512,TZA46512
46619,TZA46619
46501,TZA46501
46490,TZA46490
46538,TZA46538
46617,TZA46617
46541,TZA46541
46614,TZA46614
46543,TZA46543
46503,TZA46503
46547,TZA46547
46546,TZA46546
46544,TZA46544
46494,TZA46494
46496,TZA46496
46621,TZA46621
46519,TZA46519
46521,TZA46521
46523,TZA46523
46524,TZA46524
46522,TZA46522
46520,TZA46520
46594,TZA46594
46478,TZA46478
46627,TZA46627
46533,TZA46533
46643,TZA46643
46642,TZA46642
46497,TZA46497
46532,TZA46532
46634,TZA46634
46646,TZA46646
46612,TZA46612
46484,TZA46484
46636,TZA46636
46525,TZA46525
46571,TZA46571
46632,TZA46632
46545,TZA46545
46639,TZA46639
46601,TZA46601
46468,TZA46468
46640,TZA46640
46633,TZA46633
46641,TZA46641
46630,TZA46630
46628,TZA46628
46635,TZA46635
46645,TZA46645
46467,TZA46467
46626,TZA46626
46623,TZA46623
46495,TZA46495
46457,TZA46457
48699,TGO48699
48693,TGO48693
48688,TGO48688
48682,TGO48682
48678,TGO48678
48675,TGO48675
48673,TGO48673
48671,TGO48671
48698,TGO48698
48669,TGO48669
48690,TGO48690
48676,TGO48676
48700,TGO48700
48711,TGO48711
48683,TGO48683
48672,TGO48672
48668,TGO48668
48681,TGO48681
48708,TGO48708
48704,TGO48704
48705,TGO48705
48706,TGO48706
48697,TGO48697
48674,TGO48674
48670,TGO48670
48695,TGO48695
48666,TGO48666
48694,TGO48694
48689,TGO48689
48696,TGO48696
48680,TGO48680
48677,TGO48677
48691,TGO48691
48692,TGO48692
48712,TGO48712
48686,TGO48686
48684,TGO48684
48687,TGO48687
48685,TGO48685
48701,TGO48701
48707,TGO48707
48709,TGO48709
48710,TGO48710
48713,TGO48713
49745,UGA49745
49759,UGA49759
49761,UGA49761
49769,UGA49769
49774,UGA49774
49776,UGA49776
49758,UGA49758
49788,UGA49788
49789,UGA49789
49790,UGA49790
49731,UGA49731
49795,UGA49795
49791,UGA49791
49823,UGA49823
49811,UGA49811
49815,UGA49815
49709,UGA49709
49716,UGA49716
49717,UGA49717
49728,UGA49728
49812,UGA49812
49814,UGA49814
49706,UGA49706
49707,UGA49707
49708,UGA49708
49711,UGA49711
49733,UGA49733
49734,UGA49734
49827,UGA49827
49817,UGA49817
49805,UGA49805
49781,UGA49781
49803,UGA49803
49771,UGA49771
49767,UGA49767
49810,UGA49810
49715,UGA49715
49765,UGA49765
49762,UGA49762
49770,UGA49770
49808,UGA49808
49796,UGA49796
49719,UGA49719
49727,UGA49727
49723,UGA49723
49729,UGA49729
49833,UGA49833
49740,UGA49740
49743,UGA49743
49746,UGA49746
49732,UGA49732
49768,UGA49768
49751,UGA49751
49756,UGA49756
49834,UGA49834
49779,UGA49779
49780,UGA49780
49792,UGA49792
49804,UGA49804
49710,UGA49710
49837,UGA49837
49772,UGA49772
49754,UGA49754
49755,UGA49755
49714,UGA49714
49797,UGA49797
49838,UGA49838
49794,UGA49794
49802,UGA49802
49713,UGA49713
49816,UGA49816
49720,UGA49720
49799,UGA49799
49722,UGA49722
49737,UGA49737
49741,UGA49741
49742,UGA49742
49840,UGA49840
49749,UGA49749
49750,UGA49750
49752,UGA49752
49841,UGA49841
49757,UGA49757
49778,UGA49778
49842,UGA49842
49800,UGA49800
49806,UGA49806
49766,UGA49766
49784,UGA49784
49836,UGA49836
49801,UGA49801
49724,UGA49724
49787,UGA49787
49813,UGA49813
49785,UGA49785
49775,UGA49775
49726,UGA49726
49735,UGA49735
49730,UGA49730
49783,UGA49783
49725,UGA49725
49718,UGA49718
49773,UGA49773
49747,UGA49747
49763,UGA49763
49798,UGA49798
49809,UGA49809
49760,UGA49760
49721,UGA49721
49739,UGA49739
49818,UGA49818
49819,UGA49819
49820,UGA49820
49821,UGA49821
49753,UGA49753
49807,UGA49807
49824,UGA49824
49826,UGA49826
49828,UGA49828
49793,UGA49793
49829,UGA49829
49777,UGA49777
49830,UGA49830
49832,UGA49832
49738,UGA49738
49835,UGA49835
49712,UGA49712
49744,UGA49744
49782,UGA49782
49839,UGA49839
49736,UGA49736
49748,UGA49748
49764,UGA49764
49786,UGA49786
49843,UGA49843
57211,YEM57211
57227,YEM57227
57029,YEM57029
57214,YEM57214
57225,YEM57225
57219,YEM57219
57213,YEM57213
57208,YEM57208
57224,YEM57224
57218,YEM57218
57002,YEM57002
57025,YEM57025
57216,YEM57216
57007,YEM57007
57004,YEM57004
57022,YEM57022
57209,YEM57209
57006,YEM57006
57223,YEM57223
57009,YEM57009
57222,YEM57222
57221,YEM57221
57212,YEM57212
57008,YEM57008
57215,YEM57215
57217,YEM57217
57220,YEM57220
57010,YEM57010
57003,YEM57003
57021,YEM57021
57226,YEM57226
57210,YEM57210
57028,YEM57028
57001,YEM57001
57011,YEM57011
57005,YEM57005
57020,YEM57020
57024,YEM57024
57027,YEM57027
57023,YEM57023
57045,YEM57045
57026,YEM57026
57044,YEM57044
57041,YEM57041
57042,YEM57042
57038,YEM57038
57040,YEM57040
57039,YEM57039
57043,YEM57043
57033,YEM57033
57046,YEM57046
57032,YEM57032
57037,YEM57037
57047,YEM57047
57035,YEM57035
57049,YEM57049
57031,YEM57031
57048,YEM57048
57036,YEM57036
57030,YEM57030
57244,YEM57244
57034,YEM57034
57311,YEM57311
57086,YEM57086
57327,YEM57327
57295,YEM57295
57333,YEM57333
57305,YEM57305
57332,YEM57332
57325,YEM57325
57152,YEM57152
57321,YEM57321
57328,YEM57328
57176,YEM57176
57162,YEM57162
57323,YEM57323
57326,YEM57326
57318,YEM57318
57329,YEM57329
57314,YEM57314
57315,YEM57315
57149,YEM57149
57324,YEM57324
57330,YEM57330
57319,YEM57319
57322,YEM57322
57316,YEM57316
57317,YEM57317
57320,YEM57320
57153,YEM57153
57312,YEM57312
57095,YEM57095
57313,YEM57313
57331,YEM57331
57090,YEM57090
57092,YEM57092
57087,YEM57087
57091,YEM57091
57089,YEM57089
57085,YEM57085
57088,YEM57088
57093,YEM57093
57096,YEM57096
57171,YEM57171
57094,YEM57094
57188,YEM57188
57169,YEM57169
57193,YEM57193
57201,YEM57201
57179,YEM57179
57178,YEM57178
57194,YEM57194
57205,YEM57205
57202,YEM57202
57199,YEM57199
57181,YEM57181
57197,YEM57197
57170,YEM57170
57195,YEM57195
57187,YEM57187
57190,YEM57190
57180,YEM57180
57183,YEM57183
57184,YEM57184
57172,YEM57172
57182,YEM57182
57200,YEM57200
57196,YEM57196
57186,YEM57186
57198,YEM57198
57206,YEM57206
57157,YEM57157
57177,YEM57177
57203,YEM57203
57185,YEM57185
57070,YEM57070
57189,YEM57189
57191,YEM57191
57192,YEM57192
57161,YEM57161
57207,YEM57207
57204,YEM57204
57075,YEM57075
57068,YEM57068
57083,YEM57083
57073,YEM57073
57072,YEM57072
57160,YEM57160
57066,YEM57066
57159,YEM57159
57076,YEM57076
57061,YEM57061
57059,YEM57059
57163,YEM57163
57078,YEM57078
57080,YEM57080
57077,YEM57077
57069,YEM57069
57060,YEM57060
57062,YEM57062
57277,YEM57277
57079,YEM57079
57064,YEM57064
57081,YEM57081
57082,YEM57082
57067,YEM57067
57065,YEM57065
57071,YEM57071
57084,YEM57084
57063,YEM57063
57074,YEM57074
57168,YEM57168
57173,YEM57173
57156,YEM57156
57155,YEM57155
57147,YEM57147
57174,YEM57174
57167,YEM57167
57154,YEM57154
57148,YEM57148
57175,YEM57175
57158,YEM57158
57150,YEM57150
57151,YEM57151
57165,YEM57165
57135,YEM57135
57141,YEM57141
57143,YEM57143
57140,YEM57140
57304,YEM57304
57301,YEM57301
57309,YEM57309
57142,YEM57142
57294,YEM57294
57144,YEM57144
57145,YEM57145
57146,YEM57146
57138,YEM57138
57137,YEM57137
57299,YEM57299
57306,YEM57306
57139,YEM57139
57302,YEM57302
57136,YEM57136
57300,YEM57300
57298,YEM57298
57307,YEM57307
57308,YEM57308
57303,YEM57303
57296,YEM57296
57297,YEM57297
57310,YEM57310
57266,YEM57266
57272,YEM57272
57271,YEM57271
57267,YEM57267
57273,YEM57273
57264,YEM57264
57281,YEM57281
57268,YEM57268
57276,YEM57276
57270,YEM57270
57013,YEM57013
57275,YEM57275
57265,YEM57265
57263,YEM57263
57287,YEM57287
57269,YEM57269
57274,YEM57274
57291,YEM57291
57284,YEM57284
57293,YEM57293
57286,YEM57286
57282,YEM57282
57285,YEM57285
57255,YEM57255
57278,YEM57278
57292,YEM57292
57279,YEM57279
57289,YEM57289
57290,YEM57290
57253,YEM57253
57283,YEM57283
57280,YEM57280
57288,YEM57288
57017,YEM57017
57015,YEM57015
57012,YEM57012
57016,YEM57016
57014,YEM57014
57018,YEM57018
57019,YEM57019
57228,YEM57228
57241,YEM57241
57229,YEM57229
57242,YEM57242
57251,YEM57251
57236,YEM57236
57237,YEM57237
57254,YEM57254
57249,YEM57249
57247,YEM57247
57238,YEM57238
57234,YEM57234
57230,YEM57230
57245,YEM57245
57235,YEM57235
57239,YEM57239
57233,YEM57233
57256,YEM57256
57232,YEM57232
57231,YEM57231
57240,YEM57240
57246,YEM57246
57250,YEM57250
57243,YEM57243
57252,YEM57252
57248,YEM57248
57114,YEM57114
57099,YEM57099
57110,YEM57110
57100,YEM57100
57101,YEM57101
57109,YEM57109
57098,YEM57098
57107,YEM57107
57104,YEM57104
57113,YEM57113
57112,YEM57112
57111,YEM57111
57106,YEM57106
57108,YEM57108
57105,YEM57105
57097,YEM57097
57102,YEM57102
57103,YEM57103
57124,YEM57124
57125,YEM57125
57115,YEM57115
57116,YEM57116
57121,YEM57121
57129,YEM57129
57132,YEM57132
57131,YEM57131
57134,YEM57134
57127,YEM57127
57130,YEM57130
57123,YEM57123
57119,YEM57119
57118,YEM57118
57117,YEM57117
57133,YEM57133
57122,YEM57122
57128,YEM57128
57052,YEM57052
57126,YEM57126
57120,YEM57120
57053,YEM57053
57056,YEM57056
57057,YEM57057
57050,YEM57050
57055,YEM57055
57058,YEM57058
57054,YEM57054
57051,YEM57051
57260,YEM57260
57259,YEM57259
57257,YEM57257
57262,YEM57262
57261,YEM57261
57258,YEM57258
57164,YEM57164
57166,YEM57166
51896,TZZ51896
51894,TZZ51894
51898,TZZ51898
51900,TZZ51900
51893,TZZ51893
51895,TZZ51895
51899,TZZ51899
51892,TZZ51892
51901,TZZ51901
51897,TZZ51897
51902,TZZ51902
12829,COG12829
12786,COG12786
12828,COG12828
12840,COG12840
12805,COG12805
12834,COG12834
12789,COG12789
12806,COG12806
12824,COG12824
12802,COG12802
12822,COG12822
12837,COG12837
12830,COG12830
12780,COG12780
12823,COG12823
12836,COG12836
12775,COG12775
12803,COG12803
12844,COG12844
12814,COG12814
12826,COG12826
12808,COG12808
12846,COG12846
12842,COG12842
12843,COG12843
12848,COG12848
12841,COG12841
12810,COG12810
12768,COG12768
12800,COG12800
12791,COG12791
12833,COG12833
12825,COG12825
12838,COG12838
12763,COG12763
12784,COG12784
12765,COG12765
12831,COG12831
12849,COG12849
12778,COG12778
12777,COG12777
12839,COG12839
12850,COG12850
12847,COG12847
12773,COG12773
12835,COG12835
12807,COG12807
12811,COG12811
12785,COG12785
12832,COG12832
12798,COG12798
12813,COG12813
52908,ZWE52908
52950,ZWE52950
52935,ZWE52935
52949,ZWE52949
52903,ZWE52903
52942,ZWE52942
52930,ZWE52930
52919,ZWE52919
52941,ZWE52941
52936,ZWE52936
52947,ZWE52947
52944,ZWE52944
52960,ZWE52960
52954,ZWE52954
52928,ZWE52928
52918,ZWE52918
52906,ZWE52906
52932,ZWE52932
52915,ZWE52915
52948,ZWE52948
52910,ZWE52910
52917,ZWE52917
52946,ZWE52946
52925,ZWE52925
52957,ZWE52957
52933,ZWE52933
52958,ZWE52958
52955,ZWE52955
52943,ZWE52943
52931,ZWE52931
52939,ZWE52939
52923,ZWE52923
52927,ZWE52927
52909,ZWE52909
52926,ZWE52926
52940,ZWE52940
52961,ZWE52961
52922,ZWE52922
52911,ZWE52911
52924,ZWE52924
52951,ZWE52951
52920,ZWE52920
52914,ZWE52914
52907,ZWE52907
52902,ZWE52902
52938,ZWE52938
52929,ZWE52929
52916,ZWE52916
52956,ZWE52956
52912,ZWE52912
52937,ZWE52937
52953,ZWE52953
52959,ZWE52959
52921,ZWE52921
52934,ZWE52934
52905,ZWE52905
52952,ZWE52952
52904,ZWE52904
52962,ZWE52962
52913,ZWE52913
52945,ZWE52945
52965,ZWE52965
52963,ZWE52963
14055,COD14055
14027,COD14027
14047,COD14047
14038,COD14038
14035,COD14035
14336,COD14336
14054,COD14054
14028,COD14028
14046,COD14046
14015,COD14015
14026,COD14026
14009,COD14009
14022,COD14022
14057,COD14057
14037,COD14037
14044,COD14044
14041,COD14041
14049,COD14049
14050,COD14050
14030,COD14030
14020,COD14020
14017,COD14017
14032,COD14032
14018,COD14018
14036,COD14036
14043,COD14043
14056,COD14056
14034,COD14034
14023,COD14023
14012,COD14012
14013,COD14013
14024,COD14024
14042,COD14042
14014,COD14014
14011,COD14011
14039,COD14039
14045,COD14045
14016,COD14016
14040,COD14040
14033,COD14033
14051,COD14051
14031,COD14031
14021,COD14021
14025,COD14025
14010,COD14010
14019,COD14019
14052,COD14052
13954,COD13954
14004,COD14004
13978,COD13978
14340,COD14340
13997,COD13997
13968,COD13968
13979,COD13979
13999,COD13999
14110,COD14110
13906,COD13906
13890,COD13890
13880,COD13880
13869,COD13869
13870,COD13870
13894,COD13894
13872,COD13872
13884,COD13884
13897,COD13897
13898,COD13898
13881,COD13881
13874,COD13874
13885,COD13885
13875,COD13875
13891,COD13891
13868,COD13868
13889,COD13889
13883,COD13883
13879,COD13879
13994,COD13994
13857,COD13857
13822,COD13822
13820,COD13820
13847,COD13847
14335,COD14335
13827,COD13827
13829,COD13829
13843,COD13843
13840,COD13840
13823,COD13823
13816,COD13816
13818,COD13818
13831,COD13831
13836,COD13836
13846,COD13846
13825,COD13825
13865,COD13865
13858,COD13858
13845,COD13845
13849,COD13849
13838,COD13838
13833,COD13833
13819,COD13819
14285,COD14285
14276,COD14276
14226,COD14226
14227,COD14227
14228,COD14228
14292,COD14292
14290,COD14290
14289,COD14289
14244,COD14244
14293,COD14293
14225,COD14225
14223,COD14223
14222,COD14222
14234,COD14234
14282,COD14282
14241,COD14241
13864,COD13864
13824,COD13824
13862,COD13862
13853,COD13853
13839,COD13839
13851,COD13851
13859,COD13859
13888,COD13888
13893,COD13893
14155,COD14155
14153,COD14153
14130,COD14130
14136,COD14136
14144,COD14144
14152,COD14152
14142,COD14142
14146,COD14146
14127,COD14127
14140,COD14140
14145,COD14145
14134,COD14134
14133,COD14133
14131,COD14131
14147,COD14147
14156,COD14156
14126,COD14126
14160,COD14160
14150,COD14150
14141,COD14141
14135,COD14135
14157,COD14157
14128,COD14128
14129,COD14129
13835,COD13835
14154,COD14154
13895,COD13895
14158,COD14158
13981,COD13981
14006,COD14006
14139,COD14139
14137,COD14137
13923,COD13923
13933,COD13933
13937,COD13937
13900,COD13900
13949,COD13949
13919,COD13919
13904,COD13904
13962,COD13962
13916,COD13916
13932,COD13932
13911,COD13911
13927,COD13927
13945,COD13945
13920,COD13920
13955,COD13955
14168,COD14168
14169,COD14169
14161,COD14161
14143,COD14143
14159,COD14159
14259,COD14259
14264,COD14264
14247,COD14247
14283,COD14283
14077,COD14077
14073,COD14073
14084,COD14084
14063,COD14063
14093,COD14093
14060,COD14060
14088,COD14088
14107,COD14107
14177,COD14177
14167,COD14167
14170,COD14170
14176,COD14176
14166,COD14166
14116,COD14116
14117,COD14117
14163,COD14163
14174,COD14174
14165,COD14165
14294,COD14294
14216,COD14216
13938,COD13938
13964,COD13964
13899,COD13899
13963,COD13963
13958,COD13958
13917,COD13917
13921,COD13921
13948,COD13948
13924,COD13924
14274,COD14274
14173,COD14173
14256,COD14256
14287,COD14287
14171,COD14171
13834,COD13834
13832,COD13832
13861,COD13861
13877,COD13877
14148,COD14148
13876,COD13876
13896,COD13896
13873,COD13873
13882,COD13882
13878,COD13878
13886,COD13886
13871,COD13871
13887,COD13887
13907,COD13907
13943,COD13943
13965,COD13965
13934,COD13934
13903,COD13903
13926,COD13926
13946,COD13946
13960,COD13960
14266,COD14266
14232,COD14232
14229,COD14229
14217,COD14217
14273,COD14273
13830,COD13830
13826,COD13826
13985,COD13985
13852,COD13852
14097,COD14097
14108,COD14108
14067,COD14067
14061,COD14061
14068,COD14068
14069,COD14069
14123,COD14123
14086,COD14086
14096,COD14096
14059,COD14059
14114,COD14114
14104,COD14104
14113,COD14113
14105,COD14105
14092,COD14092
14076,COD14076
13837,COD13837
14087,COD14087
14074,COD14074
14124,COD14124
14119,COD14119
14103,COD14103
14112,COD14112
14091,COD14091
14081,COD14081
14118,COD14118
14337,COD14337
14080,COD14080
14120,COD14120
13982,COD13982
14008,COD14008
13976,COD13976
13989,COD13989
13969,COD13969
14000,COD14000
14007,COD14007
13975,COD13975
14332,COD14332
14005,COD14005
13995,COD13995
13972,COD13972
13996,COD13996
13990,COD13990
13984,COD13984
14002,COD14002
14058,COD14058
13970,COD13970
14001,COD14001
14338,COD14338
13993,COD13993
13986,COD13986
13983,COD13983
14003,COD14003
13987,COD13987
13977,COD13977
14280,COD14280
14233,COD14233
14246,COD14246
14253,COD14253
14263,COD14263
14235,COD14235
14240,COD14240
14237,COD14237
14281,COD14281
14277,COD14277
14271,COD14271
14270,COD14270
14224,COD14224
14249,COD14249
14267,COD14267
14250,COD14250
14242,COD14242
14231,COD14231
14269,COD14269
14262,COD14262
13992,COD13992
14254,COD14254
14330,COD14330
14245,COD14245
14286,COD14286
14236,COD14236
14275,COD14275
14268,COD14268
14279,COD14279
14261,COD14261
14278,COD14278
14255,COD14255
14218,COD14218
14272,COD14272
14258,COD14258
14260,COD14260
14248,COD14248
14230,COD14230
14251,COD14251
14219,COD14219
14214,COD14214
14220,COD14220
14215,COD14215
14221,COD14221
14239,COD14239
14243,COD14243
14238,COD14238
14288,COD14288
13974,COD13974
13998,COD13998
13988,COD13988
13980,COD13980
14149,COD14149
13892,COD13892
14029,COD14029
13856,COD13856
13821,COD13821
13854,COD13854
13844,COD13844
13850,COD13850
13842,COD13842
13991,COD13991
14178,COD14178
13915,COD13915
13922,COD13922
13918,COD13918
13936,COD13936
13952,COD13952
13855,COD13855
14138,COD14138
14252,COD14252
14291,COD14291
13929,COD13929
14257,COD14257
14284,COD14284
14164,COD14164
14334,COD14334
14048,COD14048
14172,COD14172
13971,COD13971
14175,COD14175
14197,COD14197
14199,COD14199
14182,COD14182
14201,COD14201
14198,COD14198
14200,COD14200
14204,COD14204
14189,COD14189
14207,COD14207
14183,COD14183
14210,COD14210
14209,COD14209
14184,COD14184
14181,COD14181
14211,COD14211
14203,COD14203
14185,COD14185
14191,COD14191
14192,COD14192
14186,COD14186
14190,COD14190
14194,COD14194
14202,COD14202
14205,COD14205
14195,COD14195
14208,COD14208
14212,COD14212
14193,COD14193
14188,COD14188
14179,COD14179
14206,COD14206
14196,COD14196
14180,COD14180
14187,COD14187
14320,COD14320
14310,COD14310
14324,COD14324
14323,COD14323
14302,COD14302
14318,COD14318
14328,COD14328
14298,COD14298
14308,COD14308
14306,COD14306
14296,COD14296
14327,COD14327
14312,COD14312
14307,COD14307
14301,COD14301
14315,COD14315
14322,COD14322
14325,COD14325
14313,COD14313
14297,COD14297
14326,COD14326
14314,COD14314
14305,COD14305
14321,COD14321
14319,COD14319
14295,COD14295
14303,COD14303
14299,COD14299
14309,COD14309
14100,COD14100
14070,COD14070
14078,COD14078
14082,COD14082
14065,COD14065
14122,COD14122
14072,COD14072
14101,COD14101
14062,COD14062
14066,COD14066
14075,COD14075
14102,COD14102
14095,COD14095
14085,COD14085
14111,COD14111
14094,COD14094
14121,COD14121
14071,COD14071
14090,COD14090
14106,COD14106
14125,COD14125
14098,COD14098
14109,COD14109
14132,COD14132
14316,COD14316
14304,COD14304
14317,COD14317
14300,COD14300
14213,COD14213
14151,COD14151
14079,COD14079
14064,COD14064
14115,COD14115
14089,COD14089
14311,COD14311
14162,COD14162
13967,COD13967
14099,COD14099
14083,COD14083
13863,COD13863
13867,COD13867
14053,COD14053
13841,COD13841
13914,COD13914
13961,COD13961
13973,COD13973
13848,COD13848
13942,COD13942
13912,COD13912
13941,COD13941
13860,COD13860
13908,COD13908
13959,COD13959
13956,COD13956
13939,COD13939
13951,COD13951
13925,COD13925
13913,COD13913
13935,COD13935
13901,COD13901
13905,COD13905
13947,COD13947
13950,COD13950
14329,COD14329
13828,COD13828
13957,COD13957
13909,COD13909
13910,COD13910
13930,COD13930
13928,COD13928
13931,COD13931
13944,COD13944
13940,COD13940
13902,COD13902
13953,COD13953
13966,COD13966
53006,BFA53006
5354,BFA05354
5333,BFA05333
5360,BFA05360
5369,BFA05369
5373,BFA05373
5325,BFA05325
53005,BFA53005
5364,BFA05364
5324,BFA05324
5352,BFA05352
5315,BFA05315
5313,BFA05313
53003,BFA53003
5340,BFA05340
5327,BFA05327
5365,BFA05365
5331,BFA05331
5343,BFA05343
5329,BFA05329
5318,BFA05318
5314,BFA05314
5362,BFA05362
5336,BFA05336
5320,BFA05320
5345,BFA05345
5330,BFA05330
5317,BFA05317
5321,BFA05321
5348,BFA05348
5367,BFA05367
53002,BFA53002
5374,BFA05374
5319,BFA05319
5350,BFA05350
53007,BFA53007
5344,BFA05344
5341,BFA05341
5359,BFA05359
5326,BFA05326
5332,BFA05332
5323,BFA05323
53001,BFA53001
5358,BFA05358
5339,BFA05339
5355,BFA05355
5347,BFA05347
5334,BFA05334
5312,BFA05312
5368,BFA05368
5337,BFA05337
5371,BFA05371
5356,BFA05356
5357,BFA05357
53004,BFA53004
5370,BFA05370
5335,BFA05335
5338,BFA05338
5372,BFA05372
5363,BFA05363
5366,BFA05366
5328,BFA05328
5316,BFA05316
5342,BFA05342
5353,BFA05353
5346,BFA05346
5349,BFA05349
5351,BFA05351
5361,BFA05361
5322,BFA05322
23761,GNB23761
6424,BDI06424
6418,BDI06418
10727,TCD10727
10728,TCD10728
10731,TCD10731
10729,TCD10729
10730,TCD10730
10739,TCD10739
10725,TCD10725
10732,TCD10732
10675,TCD10675
10778,TCD10778
10779,TCD10779
10745,TCD10745
10662,TCD10662
10667,TCD10667
10691,TCD10691
10676,TCD10676
10766,TCD10766
10775,TCD10775
10780,TCD10780
10738,TCD10738
10763,TCD10763
10699,TCD10699
10700,TCD10700
10769,TCD10769
10706,TCD10706
10765,TCD10765
10770,TCD10770
10696,TCD10696
10734,TCD10734
10701,TCD10701
10740,TCD10740
10754,TCD10754
10717,TCD10717
10679,TCD10679
10702,TCD10702
10683,TCD10683
10692,TCD10692
10753,TCD10753
10707,TCD10707
10668,TCD10668
10660,TCD10660
10759,TCD10759
10718,TCD10718
10761,TCD10761
10703,TCD10703
10767,TCD10767
10735,TCD10735
10669,TCD10669
10665,TCD10665
10666,TCD10666
10712,TCD10712
10755,TCD10755
10748,TCD10748
10704,TCD10704
10708,TCD10708
10713,TCD10713
10726,TCD10726
10771,TCD10771
10772,TCD10772
10714,TCD10714
10741,TCD10741
10776,TCD10776
10733,TCD10733
10742,TCD10742
10749,TCD10749
10677,TCD10677
10678,TCD10678
10768,TCD10768
10786,TCD10786
10736,TCD10736
10746,TCD10746
10777,TCD10777
10773,TCD10773
10783,TCD10783
10673,TCD10673
10693,TCD10693
10781,TCD10781
10709,TCD10709
10762,TCD10762
10747,TCD10747
10719,TCD10719
10756,TCD10756
10737,TCD10737
10757,TCD10757
10697,TCD10697
10705,TCD10705
10715,TCD10715
10694,TCD10694
10671,TCD10671
10680,TCD10680
10684,TCD10684
10788,TCD10788
10774,TCD10774
10685,TCD10685
10686,TCD10686
10672,TCD10672
10743,TCD10743
10681,TCD10681
10670,TCD10670
10710,TCD10710
10688,TCD10688
10682,TCD10682
10750,TCD10750
10698,TCD10698
10784,TCD10784
10661,TCD10661
10721,TCD10721
10722,TCD10722
10723,TCD10723
10724,TCD10724
10764,TCD10764
10695,TCD10695
10689,TCD10689
10663,TCD10663
10785,TCD10785
10716,TCD10716
10751,TCD10751
10690,TCD10690
10711,TCD10711
10720,TCD10720
10674,TCD10674
10758,TCD10758
10789,TCD10789
10664,TCD10664
10752,TCD10752
10760,TCD10760
10782,TCD10782
10687,TCD10687
10787,TCD10787
10790,TCD10790
50879,ZMB50879
50884,ZMB50884
50875,ZMB50875
50877,ZMB50877
50874,ZMB50874
50878,ZMB50878
50883,ZMB50883
50891,ZMB50891
50881,ZMB50881
50882,ZMB50882
50880,ZMB50880
53191,ZMB53191
50889,ZMB50889
50854,ZMB50854
50876,ZMB50876
50851,ZMB50851
50852,ZMB50852
53178,ZMB53178
50888,ZMB50888
50818,ZMB50818
50819,ZMB50819
50823,ZMB50823
50885,ZMB50885
50886,ZMB50886
50835,ZMB50835
50841,ZMB50841
50887,ZMB50887
50838,ZMB50838
53169,ZMB53169
50842,ZMB50842
53168,ZMB53168
50832,ZMB50832
50837,ZMB50837
50861,ZMB50861
50855,ZMB50855
50858,ZMB50858
50840,ZMB50840
50857,ZMB50857
50828,ZMB50828
50827,ZMB50827
50833,ZMB50833
50830,ZMB50830
50826,ZMB50826
50825,ZMB50825
53167,ZMB53167
50839,ZMB50839
50860,ZMB50860
50846,ZMB50846
50869,ZMB50869
50849,ZMB50849
50862,ZMB50862
50845,ZMB50845
50836,ZMB50836
50867,ZMB50867
53173,ZMB53173
53181,ZMB53181
50866,ZMB50866
50864,ZMB50864
50872,ZMB50872
50844,ZMB50844
50870,ZMB50870
50873,ZMB50873
50848,ZMB50848
50868,ZMB50868
50871,ZMB50871
53182,ZMB53182
50843,ZMB50843
50831,ZMB50831
50829,ZMB50829
50834,ZMB50834
53180,ZMB53180
53177,ZMB53177
53172,ZMB53172
50863,ZMB50863
50822,ZMB50822
50850,ZMB50850
53166,ZMB53166
50890,ZMB50890
53192,ZMB53192
53196,ZMB53196
53193,ZMB53193
53195,ZMB53195
53189,ZMB53189
53194,ZMB53194
50865,ZMB50865
53174,ZMB53174
53187,ZMB53187
53170,ZMB53170
53176,ZMB53176
53171,ZMB53171
53188,ZMB53188
53190,ZMB53190
50824,ZMB50824
50856,ZMB50856
53184,ZMB53184
53186,ZMB53186
53185,ZMB53185
50847,ZMB50847
53175,ZMB53175
53179,ZMB53179
50821,ZMB50821
53183,ZMB53183
50859,ZMB50859
42262,SLE42262
42264,SLE42264
42267,SLE42267
42261,SLE42261
42263,SLE42263
42254,SLE42254
42268,SLE42268
42255,SLE42255
42257,SLE42257
42259,SLE42259
42260,SLE42260
42253,SLE42253
42265,SLE42265
42266,SLE42266
42258,SLE42258
42256,SLE42256
8635,CPV08635
8633,CPV08633
8629,CPV08629
8627,CPV08627
8616,CPV08616
8628,CPV08628
8623,CPV08623
8626,CPV08626
8620,CPV08620
8615,CPV08615
8639,CPV08639
8631,CPV08631
8609,CPV08609
8610,CPV08610
8612,CPV08612
8613,CPV08613
8614,CPV08614
8636,CPV08636
8637,CPV08637
8638,CPV08638
8621,CPV08621
8640,CPV08640
29990,MLI29990
30041,MLI30041
30042,MLI30042
30035,MLI30035
30036,MLI30036
29978,MLI29978
30043,MLI30043
29982,MLI29982
29994,MLI29994
30004,MLI30004
30005,MLI30005
30012,MLI30012
30013,MLI30013
30020,MLI30020
30044,MLI30044
29979,MLI29979
29972,MLI29972
29973,MLI29973
29974,MLI29974
29975,MLI29975
29976,MLI29976
29977,MLI29977
29983,MLI29983
29995,MLI29995
30030,MLI30030
30006,MLI30006
30007,MLI30007
29996,MLI29996
30045,MLI30045
29980,MLI29980
30031,MLI30031
30032,MLI30032
30037,MLI30037
30021,MLI30021
29997,MLI29997
29998,MLI29998
29999,MLI29999
29984,MLI29984
29985,MLI29985
29991,MLI29991
30022,MLI30022
29986,MLI29986
30000,MLI30000
30023,MLI30023
30008,MLI30008
30001,MLI30001
30024,MLI30024
30014,MLI30014
30015,MLI30015
29981,MLI29981
30009,MLI30009
30002,MLI30002
30033,MLI30033
30025,MLI30025
30016,MLI30016
29987,MLI29987
30003,MLI30003
29988,MLI29988
30039,MLI30039
30017,MLI30017
30040,MLI30040
30018,MLI30018
30027,MLI30027
30026,MLI30026
30046,MLI30046
30010,MLI30010
29992,MLI29992
30038,MLI30038
29993,MLI29993
30034,MLI30034
30019,MLI30019
30028,MLI30028
29989,MLI29989
30029,MLI30029
30011,MLI30011
18497,ETH18497
18894,ETH18894
18727,ETH18727
18739,ETH18739
18740,ETH18740
18741,ETH18741
18532,ETH18532
19120,ETH19120
19275,ETH19275
18742,ETH18742
18714,ETH18714
18728,ETH18728
18743,ETH18743
18736,ETH18736
18498,ETH18498
18744,ETH18744
19043,ETH19043
18745,ETH18745
18746,ETH18746
18747,ETH18747
18748,ETH18748
18533,ETH18533
18487,ETH18487
18705,ETH18705
19276,ETH19276
19279,ETH19279
18750,ETH18750
18749,ETH18749
19291,ETH19291
19277,ETH19277
18499,ETH18499
19044,ETH19044
18500,ETH18500
18813,ETH18813
19368,ETH19368
18684,ETH18684
18751,ETH18751
18752,ETH18752
19278,ETH19278
18753,ETH18753
18488,ETH18488
18715,ETH18715
19286,ETH19286
19310,ETH19310
19328,ETH19328
18534,ETH18534
18754,ETH18754
18755,ETH18755
19123,ETH19123
19122,ETH19122
18535,ETH18535
18756,ETH18756
19125,ETH19125
19115,ETH19115
19116,ETH19116
18536,ETH18536
18758,ETH18758
18757,ETH18757
18738,ETH18738
18501,ETH18501
18759,ETH18759
18729,ETH18729
18760,ETH18760
18761,ETH18761
19127,ETH19127
18762,ETH18762
19126,ETH19126
18538,ETH18538
18763,ETH18763
18539,ETH18539
19349,ETH19349
19117,ETH19117
19449,ETH19449
18541,ETH18541
18542,ETH18542
18489,ETH18489
19045,ETH19045
19118,ETH19118
19128,ETH19128
19515,ETH19515
19119,ETH19119
19464,ETH19464
18502,ETH18502
18543,ETH18543
19587,ETH19587
19481,ETH19481
18766,ETH18766
18544,ETH18544
18506,ETH18506
18767,ETH18767
18768,ETH18768
19281,ETH19281
18545,ETH18545
18686,ETH18686
19431,ETH19431
19282,ETH19282
19494,ETH19494
18546,ETH18546
19046,ETH19046
18504,ETH18504
18503,ETH18503
18769,ETH18769
18505,ETH18505
19283,ETH19283
19284,ETH19284
19344,ETH19344
19239,ETH19239
18737,ETH18737
19048,ETH19048
19400,ETH19400
18775,ETH18775
19473,ETH19473
19365,ETH19365
18772,ETH18772
19338,ETH19338
18548,ETH18548
18547,ETH18547
18777,ETH18777
19457,ETH19457
18549,ETH18549
19525,ETH19525
19588,ETH19588
18550,ETH18550
18551,ETH18551
18552,ETH18552
18553,ETH18553
18773,ETH18773
18780,ETH18780
18782,ETH18782
18783,ETH18783
18776,ETH18776
18774,ETH18774
18784,ETH18784
18778,ETH18778
18688,ETH18688
19138,ETH19138
19504,ETH19504
18507,ETH18507
18785,ETH18785
18786,ETH18786
18554,ETH18554
19140,ETH19140
19051,ETH19051
18555,ETH18555
18556,ETH18556
18508,ETH18508
18883,ETH18883
19438,ETH19438
18787,ETH18787
19378,ETH19378
18788,ETH18788
18789,ETH18789
19141,ETH19141
18706,ETH18706
19402,ETH19402
19132,ETH19132
18770,ETH18770
18771,ETH18771
18790,ETH18790
19053,ETH19053
18490,ETH18490
19133,ETH19133
19134,ETH19134
19142,ETH19142
18791,ETH18791
19143,ETH19143
19507,ETH19507
18792,ETH18792
18793,ETH18793
18794,ETH18794
19136,ETH19136
18629,ETH18629
19505,ETH19505
18795,ETH18795
19374,ETH19374
18558,ETH18558
19548,ETH19548
19483,ETH19483
18797,ETH18797
18689,ETH18689
19439,ETH19439
18798,ETH18798
18560,ETH18560
18799,ETH18799
18559,ETH18559
19137,ETH19137
19052,ETH19052
18800,ETH18800
19146,ETH19146
19147,ETH19147
19440,ETH19440
18561,ETH18561
19055,ETH19055
19549,ETH19549
18801,ETH18801
19557,ETH19557
19426,ETH19426
19509,ETH19509
19151,ETH19151
18510,ETH18510
19570,ETH19570
19409,ETH19409
18803,ETH18803
19528,ETH19528
18804,ETH18804
18805,ETH18805
18806,ETH18806
19371,ETH19371
18807,ETH18807
18808,ETH18808
19584,ETH19584
18802,ETH18802
19381,ETH19381
18566,ETH18566
18810,ETH18810
19441,ETH19441
19162,ETH19162
18811,ETH18811
19524,ETH19524
18511,ETH18511
19163,ETH19163
18512,ETH18512
19164,ETH19164
19155,ETH19155
19156,ETH19156
19580,ETH19580
19497,ETH19497
18567,ETH18567
18568,ETH18568
18690,ETH18690
18814,ETH18814
19060,ETH19060
19165,ETH19165
19158,ETH19158
19442,ETH19442
19061,ETH19061
18815,ETH18815
18816,ETH18816
19062,ETH19062
19166,ETH19166
18827,ETH18827
18809,ETH18809
18570,ETH18570
19443,ETH19443
18571,ETH18571
18572,ETH18572
18691,ETH18691
18573,ETH18573
19495,ETH19495
18575,ETH18575
18563,ETH18563
18817,ETH18817
18564,ETH18564
18574,ETH18574
19315,ETH19315
18658,ETH18658
19254,ETH19254
19357,ETH19357
19555,ETH19555
18818,ETH18818
18819,ETH18819
18830,ETH18830
19479,ETH19479
19339,ETH19339
18577,ETH18577
19285,ETH19285
19057,ETH19057
19056,ETH19056
19058,ETH19058
18833,ETH18833
18822,ETH18822
18578,ETH18578
18579,ETH18579
19063,ETH19063
18580,ETH18580
18581,ETH18581
19059,ETH19059
18824,ETH18824
18825,ETH18825
19153,ETH19153
18583,ETH18583
18826,ETH18826
19577,ETH19577
18584,ETH18584
18565,ETH18565
18585,ETH18585
18569,ETH18569
18513,ETH18513
18829,ETH18829
18831,ETH18831
19521,ETH19521
19161,ETH19161
19068,ETH19068
18834,ETH18834
19169,ETH19169
19170,ETH19170
18835,ETH18835
19462,ETH19462
18836,ETH18836
19465,ETH19465
18730,ETH18730
19160,ETH19160
18839,ETH18839
18840,ETH18840
18841,ETH18841
18842,ETH18842
19066,ETH19066
19067,ETH19067
18843,ETH18843
19171,ETH19171
19360,ETH19360
18514,ETH18514
18844,ETH18844
18845,ETH18845
18846,ETH18846
18515,ETH18515
19172,ETH19172
19173,ETH19173
18646,ETH18646
19346,ETH19346
18592,ETH18592
19498,ETH19498
19455,ETH19455
18587,ETH18587
19519,ETH19519
19382,ETH19382
19403,ETH19403
19214,ETH19214
18516,ETH18516
19069,ETH19069
19361,ETH19361
19054,ETH19054
18588,ETH18588
19287,ETH19287
19288,ETH19288
19176,ETH19176
18589,ETH18589
18590,ETH18590
19177,ETH19177
18591,ETH18591
18517,ETH18517
18731,ETH18731
19070,ETH19070
19289,ETH19289
19178,ETH19178
18518,ETH18518
19179,ETH19179
18593,ETH18593
18594,ETH18594
18850,ETH18850
18849,ETH18849
19071,ETH19071
18851,ETH18851
19073,ETH19073
19072,ETH19072
18595,ETH18595
18596,ETH18596
19389,ETH19389
18852,ETH18852
19526,ETH19526
19508,ETH19508
18717,ETH18717
19290,ETH19290
19075,ETH19075
19428,ETH19428
18859,ETH18859
19076,ETH19076
18860,ETH18860
18597,ETH18597
19350,ETH19350
18861,ETH18861
19575,ETH19575
18858,ETH18858
19182,ETH19182
18862,ETH18862
18863,ETH18863
18509,ETH18509
19253,ETH19253
18864,ETH18864
19539,ETH19539
18598,ETH18598
18708,ETH18708
18865,ETH18865
18871,ETH18871
19184,ETH19184
19185,ETH19185
18520,ETH18520
19186,ETH19186
19543,ETH19543
19187,ETH19187
18866,ETH18866
18867,ETH18867
18599,ETH18599
18853,ETH18853
18854,ETH18854
18855,ETH18855
19188,ETH19188
18868,ETH18868
19471,ETH19471
19359,ETH19359
18888,ETH18888
18872,ETH18872
18600,ETH18600
19237,ETH19237
18873,ETH18873
18882,ETH18882
18874,ETH18874
18875,ETH18875
19387,ETH19387
19077,ETH19077
18718,ETH18718
19078,ETH19078
19463,ETH19463
19404,ETH19404
19079,ETH19079
18876,ETH18876
19469,ETH19469
19331,ETH19331
18878,ETH18878
19189,ETH19189
19362,ETH19362
18601,ETH18601
18602,ETH18602
18603,ETH18603
18604,ETH18604
19590,ETH19590
19190,ETH19190
18856,ETH18856
19332,ETH19332
19080,ETH19080
18881,ETH18881
19366,ETH19366
18606,ETH18606
18607,ETH18607
18692,ETH18692
18608,ETH18608
19363,ETH19363
18926,ETH18926
19477,ETH19477
18491,ETH18491
18521,ETH18521
18857,ETH18857
19292,ETH19292
18885,ETH18885
19380,ETH19380
19191,ETH19191
19369,ETH19369
18886,ETH18886
19352,ETH19352
19081,ETH19081
18887,ETH18887
19082,ETH19082
19192,ETH19192
18889,ETH18889
19083,ETH19083
18890,ETH18890
18605,ETH18605
18895,ETH18895
18610,ETH18610
18522,ETH18522
19435,ETH19435
19500,ETH19500
19293,ETH19293
18611,ETH18611
18732,ETH18732
19432,ETH19432
19373,ETH19373
18897,ETH18897
19197,ETH19197
19085,ETH19085
19401,ETH19401
19393,ETH19393
18898,ETH18898
19086,ETH19086
18899,ETH18899
18901,ETH18901
19341,ETH19341
19333,ETH19333
19394,ETH19394
19087,ETH19087
18892,ETH18892
18903,ETH18903
19468,ETH19468
19199,ETH19199
19444,ETH19444
19294,ETH19294
18902,ETH18902
19295,ETH19295
19342,ETH19342
18905,ETH18905
19405,ETH19405
19296,ETH19296
18904,ETH18904
18906,ETH18906
18893,ETH18893
19458,ETH19458
19478,ETH19478
19372,ETH19372
19343,ETH19343
19201,ETH19201
19088,ETH19088
19450,ETH19450
19585,ETH19585
19578,ETH19578
18908,ETH18908
18847,ETH18847
18910,ETH18910
18911,ETH18911
18909,ETH18909
18612,ETH18612
18891,ETH18891
19501,ETH19501
18613,ETH18613
18614,ETH18614
18615,ETH18615
18912,ETH18912
18914,ETH18914
18913,ETH18913
18616,ETH18616
18915,ETH18915
18709,ETH18709
19485,ETH19485
18917,ETH18917
18918,ETH18918
19090,ETH19090
18721,ETH18721
18617,ETH18617
18919,ETH18919
18920,ETH18920
18921,ETH18921
18922,ETH18922
18923,ETH18923
18733,ETH18733
19204,ETH19204
18722,ETH18722
19514,ETH19514
19297,ETH19297
18618,ETH18618
19459,ETH19459
19212,ETH19212
19395,ETH19395
19490,ETH19490
19094,ETH19094
19092,ETH19092
19298,ETH19298
19512,ETH19512
19095,ETH19095
18619,ETH18619
19299,ETH19299
18620,ETH18620
19558,ETH19558
19518,ETH19518
19334,ETH19334
18928,ETH18928
18925,ETH18925
18621,ETH18621
18924,ETH18924
19041,ETH19041
19347,ETH19347
18929,ETH18929
18492,ETH18492
19452,ETH19452
19546,ETH19546
18930,ETH18930
19388,ETH19388
18931,ETH18931
19300,ETH19300
18493,ETH18493
18932,ETH18932
18623,ETH18623
19396,ETH19396
18933,ETH18933
19301,ETH19301
19502,ETH19502
19427,ETH19427
19302,ETH19302
19503,ETH19503
18934,ETH18934
18981,ETH18981
18523,ETH18523
18935,ETH18935
18695,ETH18695
18524,ETH18524
18624,ETH18624
19042,ETH19042
19303,ETH19303
19304,ETH19304
19096,ETH19096
18625,ETH18625
18936,ETH18936
18941,ETH18941
19215,ETH19215
18723,ETH18723
19406,ETH19406
19453,ETH19453
18627,ETH18627
18628,ETH18628
18681,ETH18681
52964,ETH52964
18942,ETH18942
18710,ETH18710
18943,ETH18943
19390,ETH19390
18944,ETH18944
19445,ETH19445
19385,ETH19385
19383,ETH19383
19491,ETH19491
18939,ETH18939
18630,ETH18630
18494,ETH18494
18948,ETH18948
19216,ETH19216
18937,ETH18937
18947,ETH18947
18946,ETH18946
18527,ETH18527
19217,ETH19217
18940,ETH18940
19535,ETH19535
18938,ETH18938
19221,ETH19221
18724,ETH18724
19222,ETH19222
19227,ETH19227
18711,ETH18711
19489,ETH19489
19375,ETH19375
19460,ETH19460
19461,ETH19461
19537,ETH19537
19224,ETH19224
19099,ETH19099
19226,ETH19226
19225,ETH19225
19305,ETH19305
19356,ETH19356
18954,ETH18954
19306,ETH19306
18525,ETH18525
18631,ETH18631
18635,ETH18635
19454,ETH19454
18952,ETH18952
19220,ETH19220
18955,ETH18955
18956,ETH18956
18823,ETH18823
18953,ETH18953
19353,ETH19353
19386,ETH19386
18698,ETH18698
18725,ETH18725
19228,ETH19228
19229,ETH19229
19230,ETH19230
18636,ETH18636
18637,ETH18637
18638,ETH18638
18639,ETH18639
19307,ETH19307
18640,ETH18640
18957,ETH18957
18958,ETH18958
19541,ETH19541
19467,ETH19467
19486,ETH19486
19384,ETH19384
18950,ETH18950
18641,ETH18641
18962,ETH18962
18961,ETH18961
18963,ETH18963
19097,ETH19097
18632,ETH18632
18964,ETH18964
18642,ETH18642
18965,ETH18965
19174,ETH19174
19484,ETH19484
19098,ETH19098
18526,ETH18526
18643,ETH18643
19219,ETH19219
18644,ETH18644
19175,ETH19175
19550,ETH19550
19262,ETH19262
19554,ETH19554
18967,ETH18967
19233,ETH19233
18647,ETH18647
18951,ETH18951
18648,ETH18648
18649,ETH18649
19472,ETH19472
19496,ETH19496
19101,ETH19101
19234,ETH19234
18969,ETH18969
18970,ETH18970
19102,ETH19102
19308,ETH19308
18495,ETH18495
18974,ETH18974
19488,ETH19488
18972,ETH18972
18976,ETH18976
18975,ETH18975
18973,ETH18973
18977,ETH18977
18978,ETH18978
18980,ETH18980
18699,ETH18699
19475,ETH19475
19579,ETH19579
19309,ETH19309
19376,ETH19376
19480,ETH19480
19261,ETH19261
18700,ETH18700
19399,ETH19399
18650,ETH18650
18651,ETH18651
19493,ETH19493
19105,ETH19105
19311,ETH19311
19351,ETH19351
18985,ETH18985
18986,ETH18986
18987,ETH18987
19474,ETH19474
18712,ETH18712
19313,ETH19313
19499,ETH19499
19314,ETH19314
18655,ETH18655
19492,ETH19492
18979,ETH18979
18528,ETH18528
19244,ETH19244
18991,ETH18991
19240,ETH19240
19245,ETH19245
18653,ETH18653
19000,ETH19000
18988,ETH18988
18994,ETH18994
18993,ETH18993
19345,ETH19345
19354,ETH19354
18989,ETH18989
19377,ETH19377
19437,ETH19437
18995,ETH18995
18663,ETH18663
19012,ETH19012
19466,ETH19466
18656,ETH18656
19429,ETH19429
19243,ETH19243
19456,ETH19456
18576,ETH18576
19236,ETH19236
18662,ETH18662
18996,ETH18996
18997,ETH18997
18998,ETH18998
19316,ETH19316
18999,ETH18999
19397,ETH19397
19446,ETH19446
19370,ETH19370
19002,ETH19002
19003,ETH19003
19358,ETH19358
19335,ETH19335
19004,ETH19004
19246,ETH19246
19108,ETH19108
19506,ETH19506
19005,ETH19005
18659,ETH18659
19249,ETH19249
18734,ETH18734
19318,ETH19318
18702,ETH18702
19572,ETH19572
19109,ETH19109
19110,ETH19110
19436,ETH19436
19317,ETH19317
19006,ETH19006
18660,ETH18660
19430,ETH19430
19007,ETH19007
19008,ETH19008
19562,ETH19562
19009,ETH19009
19010,ETH19010
19011,ETH19011
18654,ETH18654
18701,ETH18701
19540,ETH19540
18990,ETH18990
19241,ETH19241
19568,ETH19568
18735,ETH18735
19551,ETH19551
19566,ETH19566
19013,ETH19013
19014,ETH19014
19015,ETH19015
19255,ETH19255
19379,ETH19379
18665,ETH18665
18664,ETH18664
19320,ETH19320
19319,ETH19319
19321,ETH19321
18666,ETH18666
19322,ETH19322
18667,ETH18667
18529,ETH18529
18671,ETH18671
19017,ETH19017
19257,ETH19257
19018,ETH19018
18669,ETH18669
19258,ETH19258
19259,ETH19259
18530,ETH18530
19447,ETH19447
18668,ETH18668
18838,ETH18838
19019,ETH19019
19020,ETH19020
19536,ETH19536
19522,ETH19522
19016,ETH19016
19355,ETH19355
18670,ETH18670
19323,ETH19323
19324,ETH19324
19200,ETH19200
19111,ETH19111
19022,ETH19022
19256,ETH19256
19476,ETH19476
19364,ETH19364
19027,ETH19027
18672,ETH18672
18713,ETH18713
19398,ETH19398
19024,ETH19024
19028,ETH19028
19391,ETH19391
18726,ETH18726
19029,ETH19029
19527,ETH19527
19030,ETH19030
18682,ETH18682
19451,ETH19451
19325,ETH19325
19264,ETH19264
19031,ETH19031
18675,ETH18675
19265,ETH19265
18703,ETH18703
19026,ETH19026
19433,ETH19433
18683,ETH18683
19326,ETH19326
18645,ETH18645
19348,ETH19348
18537,ETH18537
19113,ETH19113
19203,ETH19203
18674,ETH18674
19025,ETH19025
19032,ETH19032
19517,ETH19517
19448,ETH19448
19267,ETH19267
19268,ETH19268
18676,ETH18676
18677,ETH18677
19033,ETH19033
19327,ETH19327
19470,ETH19470
19036,ETH19036
19392,ETH19392
18531,ETH18531
19039,ETH19039
18704,ETH18704
19037,ETH19037
19038,ETH19038
18496,ETH18496
19272,ETH19272
19273,ETH19273
18678,ETH18678
19271,ETH19271
19336,ETH19336
19269,ETH19269
19114,ETH19114
19034,ETH19034
19274,ETH19274
18680,ETH18680
18679,ETH18679
19040,ETH19040
19434,ETH19434
18685,ETH18685
19410,ETH19410
19411,ETH19411
19425,ETH19425
19513,ETH19513
19574,ETH19574
19529,ETH19529
19530,ETH19530
19531,ETH19531
19532,ETH19532
19533,ETH19533
19218,ETH19218
19260,ETH19260
19223,ETH19223
19538,ETH19538
19183,ETH19183
19542,ETH19542
19231,ETH19231
19251,ETH19251
19180,ETH19180
19545,ETH19545
19213,ETH19213
19145,ETH19145
19149,ETH19149
19232,ETH19232
19552,ETH19552
19553,ETH19553
19252,ETH19252
19511,ETH19511
19167,ETH19167
19556,ETH19556
19150,ETH19150
19560,ETH19560
19559,ETH19559
19561,ETH19561
19250,ETH19250
19563,ETH19563
19564,ETH19564
19565,ETH19565
19567,ETH19567
19235,ETH19235
19242,ETH19242
19547,ETH19547
19248,ETH19248
19544,ETH19544
19408,ETH19408
19573,ETH19573
19207,ETH19207
19181,ETH19181
19576,ETH19576
19131,ETH19131
19159,ETH19159
19583,ETH19583
19238,ETH19238
19154,ETH19154
19157,ETH19157
19581,ETH19581
19582,ETH19582
19208,ETH19208
19209,ETH19209
19193,ETH19193
19124,ETH19124
19516,ETH19516
19586,ETH19586
19130,ETH19130
18880,ETH18880
19591,ETH19591
7428,CMR07428
7546,CMR07546
7566,CMR07566
7485,CMR07485
7487,CMR07487
7483,CMR07483
7482,CMR07482
7474,CMR07474
7493,CMR07493
7479,CMR07479
7494,CMR07494
7484,CMR07484
7528,CMR07528
7533,CMR07533
7535,CMR07535
7534,CMR07534
7536,CMR07536
7527,CMR07527
7537,CMR07537
7539,CMR07539
7541,CMR07541
7540,CMR07540
7481,CMR07481
7477,CMR07477
7478,CMR07478
7480,CMR07480
7490,CMR07490
7500,CMR07500
7491,CMR07491
7473,CMR07473
7488,CMR07488
7612,CMR07612
7460,CMR07460
7467,CMR07467
7470,CMR07470
7472,CMR07472
7469,CMR07469
7466,CMR07466
7459,CMR07459
7581,CMR07581
7585,CMR07585
7584,CMR07584
7610,CMR07610
7435,CMR07435
7433,CMR07433
7434,CMR07434
7448,CMR07448
7431,CMR07431
7429,CMR07429
7445,CMR07445
7442,CMR07442
7450,CMR07450
7456,CMR07456
7455,CMR07455
7446,CMR07446
7457,CMR07457
7440,CMR07440
7430,CMR07430
7439,CMR07439
7449,CMR07449
7518,CMR07518
7520,CMR07520
7604,CMR07604
7594,CMR07594
7600,CMR07600
7606,CMR07606
7595,CMR07595
7603,CMR07603
7599,CMR07599
7591,CMR07591
7601,CMR07601
7571,CMR07571
7575,CMR07575
7570,CMR07570
7549,CMR07549
7550,CMR07550
7553,CMR07553
7555,CMR07555
7551,CMR07551
7558,CMR07558
7552,CMR07552
7544,CMR07544
7545,CMR07545
7568,CMR07568
7578,CMR07578
7579,CMR07579
7565,CMR07565
7597,CMR07597
7569,CMR07569
7526,CMR07526
7593,CMR07593
7523,CMR07523
7513,CMR07513
7563,CMR07563
7562,CMR07562
7517,CMR07517
7521,CMR07521
7564,CMR07564
7580,CMR07580
7561,CMR07561
7573,CMR07573
7486,CMR07486
7548,CMR07548
7543,CMR07543
7495,CMR07495
7492,CMR07492
7496,CMR07496
7501,CMR07501
7502,CMR07502
7529,CMR07529
7531,CMR07531
7425,CMR07425
7426,CMR07426
7422,CMR07422
7423,CMR07423
7420,CMR07420
7421,CMR07421
7554,CMR07554
7560,CMR07560
7605,CMR07605
7607,CMR07607
7598,CMR07598
7503,CMR07503
7515,CMR07515
7507,CMR07507
7505,CMR07505
7516,CMR07516
7511,CMR07511
7519,CMR07519
7524,CMR07524
7525,CMR07525
7509,CMR07509
7572,CMR07572
7577,CMR07577
7586,CMR07586
7590,CMR07590
7589,CMR07589
7582,CMR07582
7587,CMR07587
7583,CMR07583
7463,CMR07463
7471,CMR07471
7458,CMR07458
7437,CMR07437
7444,CMR07444
7454,CMR07454
7436,CMR07436
7432,CMR07432
7453,CMR07453
7443,CMR07443
7447,CMR07447
7462,CMR07462
7464,CMR07464
7468,CMR07468
7499,CMR07499
7438,CMR07438
7522,CMR07522
7424,CMR07424
7608,CMR07608
7596,CMR07596
7602,CMR07602
7542,CMR07542
7559,CMR07559
7547,CMR07547
7576,CMR07576
7574,CMR07574
7538,CMR07538
7556,CMR07556
7497,CMR07497
7498,CMR07498
7476,CMR07476
7465,CMR07465
7588,CMR07588
7530,CMR07530
7567,CMR07567
7514,CMR07514
7441,CMR07441
7532,CMR07532
7508,CMR07508
7504,CMR07504
7475,CMR07475
7592,CMR07592
7489,CMR07489
7506,CMR07506
7427,CMR07427
7512,CMR07512
7510,CMR07510
7557,CMR07557
7451,CMR07451
7613,CMR07613
7611,CMR07611
7452,CMR07452
7461,CMR07461
7609,CMR07609
7614,CMR07614
7615,CMR07615
7616,CMR07616
47639,GMB47639
47658,GMB47658
47623,GMB47623
47646,GMB47646
47662,GMB47662
47637,GMB47637
47633,GMB47633
47659,GMB47659
47667,GMB47667
47624,GMB47624
47645,GMB47645
47660,GMB47660
47654,GMB47654
47635,GMB47635
47636,GMB47636
47632,GMB47632
47625,GMB47625
47630,GMB47630
47657,GMB47657
47664,GMB47664
47661,GMB47661
47665,GMB47665
47634,GMB47634
47663,GMB47663
47651,GMB47651
47641,GMB47641
47628,GMB47628
47627,GMB47627
47652,GMB47652
47626,GMB47626
47629,GMB47629
47644,GMB47644
47647,GMB47647
47638,GMB47638
47643,GMB47643
47631,GMB47631
47650,GMB47650
47653,GMB47653
47655,GMB47655
47668,GMB47668
47666,GMB47666
47642,GMB47642
47649,GMB47649
47648,GMB47648
