IU_NAME,ESPEN_IU_ID,Parent1_IU_Name,Parent1_IU_ID,Start_Date,End_Date
Catchiungo,2121,Huambo,2119,2016,3000
Tchikala Tcholohanga,2125,Huambo,2119,2016,3000
Kilamba Kiaxi,2143,Luanda,2219,2016,3000
Cuimba,2206,Mbanza Kongo,2207,2016,3000
Talatona,2223,Luanda,2219,2016,3000
Lovua,2224,Chitato,2149,2016,3000
Ghanzi,4314,Gantsi Charleshill,4296,2020,3000
Charleshill,4315,Gantsi Charleshill,4296,2020,3000
Kanye,4316,Kanye Moshupa,4312,2020,3000
Moshupa,4317,Kanye Moshupa,4312,2020,3000
Serowe,4318,Serowe Palapye,4294,2020,3000
Palapye,4319,Serowe Palapye,4294,2020,3000
Boussouma,53001,Kaya,5335,2016,3000
Tougouri,53002,Boulsa,5334,2016,3000
Sabou,53003,Koudougou,5337,2016,3000
Tenado,53004,Réo,5340,2016,3000
N'Dorola,53005,Orodara,5358,2016,3000
Thiou,53006,Ouahigouya,5360,2016,3000
Kampti,53007,Gaoua,5374,2016,3000
Bukinanyana,6421,Cibitoke,6388,2019,3000
Cibitoke,6422,Cibitoke,6388,2019,3000
Mabayi,6423,Mabayi,6389,2019,3000
Rutovu,6424,Matana,6384,2021,3000
Gisuru,6425,Kinyinya,6418,2021,3000
Gazawa,7475,Maroua Rural,7609,2014,3000
MAROUA 1,7488,Maroua Urbain,7610,2014,3000
MAROUA 2,7489,Maroua Urbain,7610,2014,3000
MAROUA 3,7490,Maroua Rural,7609,2014,3000
ABO,7503,Dibombari,7508,2014,3000
BOKO,7504,Nylon,7524,2014,3000
JAPOMA,7510,Logbaba,7511,2014,3000
Mbangue,7516,Cité Des Palmiers,7506,2014,3000
NJOMBE PENJA,7521,Loum,7512,2014,3000
OKU,7557,Kumbo Ouest,7550,2014,3000
Fotokol,7609,MAKARY,7487,2021,3000
Mvog-Ada,7610,NKOLNDONGO,7452,2021,3000
Odza,7611,NKOLNDONGO,7452,2021,3000
Belabo,7612,BERTOUA,7461,2021,3000
Dang,7613,NGAOUNDERE RURAL,7425,2021,3000
Mozogo,7614,KOZA,7484,2021,3000
Bamenda 3,7615,BAMENDA,7545,2021,3000
Kumba-North,7616,KUMBA,7599,2021,3000
BEGOUA,9661,Ombella M'Poko,9654,2019,3000
BIMBO,9662,Ombella M'Poko,9654,2019,3000
BODA,9663,Lobaye,9649,2019,3000
BOSSEMBELE,9664,Ombella M'Poko,9654,2019,3000
MBAIKI,9665,Lobaye,9649,2019,3000
BABOUA-ABBA,9666,Nana-Mambéré,9653,2019,3000
BERBERATI,9667,Mambéré-Kadéï,9650,2019,3000
BOUAR-BAORO,9668,Nana-Mambéré,9653,2019,3000
CARNOT-GADZI,9669,Mambéré-Kadéï,9650,2019,3000
GAMBOULA,9670,Mambéré-Kadéï,9650,2019,3000
SANGHA-MBAERE,9671,Sangha-Mbaéré,9658,2019,3000
BATANGAFO,9672,Ouham,9656,2019,3000
BOCARANGA-KOUI,9673,Ouham Pendé,9657,2019,3000
BOSSANGOA,9674,Ouham,9656,2019,3000
BOUCA,9675,Ouham,9656,2019,3000
BOZOUM-BOSSEMPTELE,9676,Ouham Pendé,9657,2019,3000
NANGA-BOGUILA,9677,Ouham,9656,2019,3000
NGAOUNDAYE,9678,Ouham Pendé,9657,2019,3000
PAOUA,9679,Ouham Pendé,9657,2019,3000
BAMBARI,9680,Ouaka,9655,2019,3000
KEMO,9681,Kémo,9648,2019,3000
KOUANGO-GRIMARI,9682,Ouaka,9655,2019,3000
NANA-GRIBIZI,9683,Nana-Gribizi,9652,2019,3000
BAMINGUI-BANGORAN,9684,Bamingui-Bangoran,9636,2019,3000
HAUTE-KOTTO,9685,Haute-Kotto,9647,2019,3000
VAKAGA,9686,Vakaga,9659,2019,3000
ALINDAO MINGALA,9687,Basse-Kotto,9645,2019,3000
BANGASSOU,9688,Mbomou,9651,2019,3000
HAUT-MBOMOU,9689,Haut-Mbomou,9646,2019,3000
KEMBE SATEMA,9690,Basse-Kotto,9645,2019,3000
MOBAYE-ZANGBA,9691,Basse-Kotto,9645,2019,3000
OUANGO-GAMBO,9692,Mbomou,9651,2019,3000
BANGUI I (lakouanga),9693,Bangui,9660,2019,3000
BANGUI II (Castors),9694,Bangui,9660,2019,3000
BANGUI III (Bédé-Combattant),9695,Bangui,9660,2019,3000
Djedda,10761,Ati,10662,2017,3000
Koundjourou,10762,Ati,10662,2017,3000
Baro,10763,Melfi,10681,2017,3000
Ntiona,10764,Nokou,10689,2017,3000
Benamar,10765,Laokassy,10697,2017,3000
Baibokoum,10766,Bessao,10701,2017,3000
Donia,10767,Larmanaye,10705,2017,3000
Kara,10768,Doba,10703,2017,3000
Bedaya,10769,Koumra,10709,2017,3000
Bekourou,10770,Moissala,10710,2017,3000
Guegou,10771,Lere,10715,2017,3000
Guelo,10772,Lere,10715,2017,3000
Korbol,10773,Sarh,10720,2017,3000
Maro,10774,Danamadji,10718,2017,3000
Batchoro,10775,Kelo,10736,2017,3000
Guidari,10776,Donamanga,10735,2017,3000
Kolon,10777,Kelo,10736,2017,3000
Amzoer,10778,Biltine,10740,2017,3000
Arada,10779,Biltine,10740,2017,3000
Balimba,10780,Sarh,10720,2020,3000
Koumogo,10781,Sarh,10720,2020,3000
Deressia,10782,Lai,10737,2020,3000
Kouba Olanga,10783,Faya,10666,2021,3000
Mourdi,10784,Amdjarass,10675,2021,3000
Ounianga Kebbir,10785,Fada,10665,2021,3000
Karal,10786,Massaguet,10685,2021,3000
Amdoback,10787,Rig-Rig,10690,2021,3000
Kekedina,10788,Mao,10687,2021,3000
9eme Arrondissement,10789,N'djaména Sud,10724,2021,3000
Bologo,10790,Kelo,10736,2021,3000
Madibou,12824,Makélékélé,12805,2016,3000
Mongo-Mpoukou,12825,Loandjili,12777,2016,3000
Ngoyo,12826,Tie-Tie,12819,2016,3000
Loudima,12831,Loudima,12762,2019,3000
Nkayi,12832,Loudima,12762,2019,3000
Talangaî,12833,Talangaî,12812,2019,3000
Île Mbamou,12834,Talangaî,12812,2019,3000
Dolisie,12835,Dolisie,12827,2019,3000
Kimongo-Londela Nkayes,12836,Dolisie,12827,2019,3000
Mossendjo,12837,Mossendjo,12795,2019,3000
Mayoko,12838,Mossendjo,12795,2019,3000
Djambala-Lékana,12839,Djambala-Lékana,12797,2019,3000
Ngo Mpouya,12840,Djambala-Lékana,12797,2019,3000
Tie-Tie,12841,Tie-Tie,12819,2019,3000
Tchiamba Nzassi,12842,Hinda-Mvouti,12781,2019,3000
Kinkala,12843,Kinkala-Bolko,12804,2019,3000
Boko,12844,Kinkala-Bolko,12804,2019,3000
Kintélé,12846,Talangaî,12812,2019,3000
Djiri,12847,Djiri,12821,2019,3000
Mvouti-Kakamouéka,12848,Madingo Kayes,12816,2019,3000
Madingo Kayes,12849,Madingo Kayes,12816,2019,3000
Hinda-Loango,12850,Hinda-Mvouti,12781,2019,3000
SOUBRE,15412,SOUBRE,15369,2020,3000
MEAGUY,15413,SOUBRE,15369,2020,3000
BUYO,15414,SOUBRE,15369,2020,3000
KOUMASSI,15417,KOUMASSI-PORT-BOUET-VRIDI,15339,2020,3000
PORT BOUET VRIDI,15418,KOUMASSI-PORT-BOUET-VRIDI,15339,2020,3000
ADZOPE,15419,ADZOPE,15341,2020,3000
YAKASSE-ATTOBROU,15420,ADZOPE,15341,2020,3000
BONDOUKOU,15421,BONDOUKOU,15351,2020,3000
SANDEGUE,15422,BONDOUKOU,15351,2020,3000
BOUNA,15423,BOUNA,15352,2020,3000
DOROPO,15424,BOUNA,15352,2020,3000
TEHINI,15425,BOUNA,15352,2020,3000
TANDA,15426,TANDA,15354,2020,3000
KOUN-FAO,15427,TANDA,15354,2020,3000
TRANSUA,15428,TANDA,15354,2020,3000
GUIGLO,15429,GUIGLO,15358,2020,3000
TAI,15430,GUIGLO,15358,2020,3000
BOUAKE NORD OUEST,15431,BOUAKE NORD OUEST,15363,2020,3000
BOTRO,15432,BOUAKE NORD OUEST,15363,2020,3000
GAGNOA 1,15433,GAGNOA 1,15371,2020,3000
GAGNOA 2,15434,GAGNOA 1,15371,2020,3000
DALOA,15435,DALOA,15376,2020,3000
ZOUKOUGBEU,15436,DALOA,15376,2020,3000
MINIGNAN,15437,MINIGNAN,15382,2020,3000
KANIASSO,15438,MINIGNAN,15382,2020,3000
ODIENNE,15439,ODIENNE,15383,2020,3000
MADINANI,15440,ODIENNE,15383,2020,3000
TOUBA,15441,TOUBA,15384,2020,3000
KORO,15442,TOUBA,15384,2020,3000
OUANINOU,15443,TOUBA,15384,2020,3000
BOCANDA,15444,BOCANDA,15391,2020,3000
KOUASSI-KOUASSIKRO,15445,BOCANDA,15391,2020,3000
BONGOUANOU,15446,BONGOUANOU,15392,2020,3000
ARRAH,15447,BONGOUANOU,15392,2020,3000
M'BATTO,15448,BONGOUANOU,15392,2020,3000
BOUNDIALI,15449,BOUNDIALI,15397,2020,3000
KOUTO,15450,BOUNDIALI,15397,2020,3000
FERKESSEDOUGOU,15451,FERKESSEDOUGOU,15398,2020,3000
KONG,15452,FERKESSEDOUGOU,15398,2020,3000
KORHOGO 1,15453,KORHOGO,15399,2020,3000
KORHOGO 2,15454,KORHOGO,15399,2020,3000
DIKODOUGOU,15455,KORHOGO,15399,2020,3000
ADIAKE,15456,ADIAKE,15403,2020,3000
TIAPOUM,15457,ADIAKE,15403,2020,3000
MANKONO,15458,MANKONO,15409,2020,3000
DIANRA,15459,MANKONO,15409,2020,3000
KOUNAHIRI,15460,MANKONO,15409,2020,3000
KANI,15461,SEGUELA,15410,2020,3000
SEGUELA,15462,SEGUELA,15410,2020,3000
M'BENGUE,15463,KORHOGO,15399,2020,3000
SINEMENTILAI,15464,KORHOGO,15399,2020,3000
Addis Ketema,18705,Dire Dawa,18707,2014,3000
Biyo Awale,18706,Dire Dawa,18707,2014,3000
Dire Dawa,18707,Dire Dawa,18707,2014,3000
Gendo Kore,18708,Dire Dawa,18707,2014,3000
Jeldesa,18709,Dire Dawa,18707,2014,3000
Legehare,18710,Dire Dawa,18707,2014,3000
Melka Jebdu,18711,Dire Dawa,18707,2014,3000
Sabian,18712,Dire Dawa,18707,2014,3000
Wahil,18713,Dire Dawa,18707,2014,3000
Bedele Zuria,19338,Bedele,18781,2017,3000
Dega,19339,Dega,18821,2017,3000
Haro Wolabu,19341,Uraga,19023,2017,3000
Heben Arsi,19342,Arsi Negele,18765,2017,3000
Hor Shagah,19343,Dhanan,19064,2017,3000
Ayehu,19344,Ankesha Guagusa,18540,2017,3000
Sedie,19345,Huletejuenesie,18609,2017,3000
East Dembia,19346,Dembia,18582,2017,3000
Kinfazbegela,19347,Wogera,18673,2017,3000
West Dembia,19348,Dembia,18582,2017,3000
Angot,19349,Meket,18634,2017,3000
Gazo,19350,Lasta,18626,2017,3000
Raya Kobo,19351,Raya Kobo,18622,2017,3000
Gunabegemidir,19352,Ebinat,18586,2017,3000
Meketewa,19353,Ebinat,18586,2017,3000
Sediemuja,19354,Simada,18661,2017,3000
Tsagibji,19355,Sekota Zuria,18657,2017,3000
North Mecha,19356,Mecha,18633,2017,3000
South Mecha,19357,Mecha,18633,2017,3000
Shanan Kolu,19358,Gololcha,18877,2017,3000
Ginnir Town,19359,Ginir,18869,2017,3000
Dubluk,19360,Dire,18837,2017,3000
Eliwaye,19361,Yabello,19035,2017,3000
Gomole,19362,Yabello,19035,2017,3000
Guchi,19363,Moyale,18968,2017,3000
Wachile,19364,Arero,18764,2017,3000
Babile Town,19365,Babile,19049,2017,3000
Goro Muti,19366,Meta,18959,2017,3000
Aga Wayu,19368,Saba boru,18992,2017,3000
Gumi Eldalo,19369,Liben,18945,2017,3000
Shakiso Town,19370,Odo Shakiso,18982,2017,3000
Chomen Guduru,19371,Guduru,18884,2017,3000
Horo Buluk,19372,Horo,18907,2017,3000
Halu,19373,Huka Halu,18896,2017,3000
Boter Tolay,19374,Chora Boter,18808,2017,3000
Mancho,19375,Deddo,18820,2017,3000
Omo Beyam,19376,Deddo,18820,2017,3000
Seden Chanka,19377,Dale Wabera,18812,2017,3000
Birbirsa Kojowa,19378,Kercha,18984,2017,3000
Suro Barguda,19379,Bule Hora,18796,2017,3000
Gumbi Bordede,19380,Mi'eso,18966,2017,3000
Chobi,19381,Jeldu,18916,2017,3000
Ejersa Lafo,19382,Ejere,18848,2017,3000
Liben Jawi,19383,Toke Kutaye,19021,2017,3000
Meta Wolkite,19384,Meta Robi,18960,2017,3000
Leta Sibu,19385,Nedjo Rural,18971,2017,3000
Mendi Town,19386,Mene Sibu,18949,2017,3000
GoD-God,19387,Bare,19050,2017,3000
Qooxle,19388,Bare,19050,2017,3000
Gablalu,19389,Hadhagala,19084,2017,3000
LahelaW-Yeob,19390,Galadin,19074,2017,3000
Wangay,19391,Salahad,19107,2017,3000
Yaxoob,19392,Qubi,19104,2017,3000
Harawa,19393,Awbare,19047,2017,3000
Harorays,19394,Jijiga Rural,19091,2017,3000
Kebribeyah Town,19395,Kebribeyah,19093,2017,3000
QoraN-Mulla,19396,Kebribeyah,19093,2017,3000
Shabeley,19397,Jijiga Rural,19091,2017,3000
Togo Wajjale,19398,Awbare,19047,2017,3000
Qadaadumo,19399,Moyale,19100,2017,3000
Cayuun,19400,East Emi,19089,2017,3000
Xararay,19401,Sagag,19106,2017,3000
Boodaly,19402,Kebridahar,19094,2017,3000
Ceel Ogaden,19403,Kebridahar,19094,2017,3000
Gogle/kudunbur,19404,Kebridahar,19094,2017,3000
Hig Loley,19405,Dobowayn,19065,2017,3000
Lasdhankeere,19406,Dobowayn,19065,2017,3000
Kercha Town,19407,Kercha,18984,2017,2019
Chilga 2,19409,Chilga,18562,2020,3000
Kamashi Town,19410,Kamashi,18694,2020,3000
Gilgel Beles Town,19411,Mandura,18696,2020,3000
Bambasi Camp,19412,Bambasi,18687,2020,3000
Gure Shombola Camp,19413,MaoKomo,18697,2020,3000
Sherkole  Camp,19414,Homosha,18693,2020,3000
Tongo Camp,19415,MaoKomo,18697,2020,3000
Tsore Camp,19416,Homosha,18693,2020,3000
Jewi Camp,19417,Gambela Town,19329,2020,3000
Kule Camp,19418,Itang,18720,2020,3000
Nguenyiel Camp,19419,Itang,18720,2020,3000
Okugo Camp,19420,Dimma,18716,2020,3000
Pugnido  Camp,19421,Gog,18719,2020,3000
Pugnido  II Camp,19422,Gog,18719,2020,3000
Tierkidi Camp,19423,Itang,18720,2020,3000
Bonke Woreda,19425,Bonke,19135,2020,3000
Chencha Town,19426,Chencha,19148,2020,3000
Kucha Alpha,19427,Kucha,19211,2020,3000
Marta Garda,19428,Kemba,19207,2020,3000
Selamber Town,19429,Kucha,19211,2020,3000
Shone Town,19430,Misrak Badawacho,19263,2020,3000
Atoti Ullo,19431,Halaba,19196,2020,3000
Wera,19432,Halaba,19196,2020,3000
Wera Dijjo,19433,Halaba,19196,2020,3000
Adilo,19434,Kedida Gamela,19206,2020,3000
Hadro Town,19435,Hadero Tunto Zuria,19194,2020,3000
Shishincho Town,19436,Kacha Birra,19205,2020,3000
Segen Town,19437,Konso,19210,2020,3000
Bilate Zuria,19438,Boricha,19144,2020,3000
Bura,19439,Bensa,19139,2020,3000
Chabe Ganbeltu,19440,Bensa,19139,2020,3000
Daela,19441,Chire,19152,2020,3000
Darara,19442,Boricha,19144,2020,3000
Daye Town,19443,Bensa,19139,2020,3000
Hawella,19444,Shebedino,19247,2020,3000
Leku Town,19445,Shebedino,19247,2020,3000
Shafamo,19446,Arbegona,19129,2020,3000
Teticha,19447,Hula,19202,2020,3000
Wondo Genet Town,19448,Wendo Genet,19266,2020,3000
Ankesha,19449,Ankesha Guagusa,18540,2017,3000
Hult Eju,19450,Huletejuenesie,18609,2017,3000
Wogera,19451,Wogera,18673,2017,3000
Kobo Town,19452,Raya Kobo,18622,2017,3000
Lasta,19453,Lasta,18626,2017,3000
Meket,19454,Meket,18634,2017,3000
Ebinat,19455,Ebinat,18586,2017,3000
Simada,19456,Simada,18661,2017,3000
Bambasi,19457,Bambasi,18687,2020,3000
Homosha,19458,Homosha,18693,2020,3000
Kamashi,19459,Kamashi,18694,2020,3000
Mandura,19460,Mandura,18696,2020,3000
Maokomo,19461,MaoKomo,18697,2020,3000
Dimma,19462,Dimma,18716,2020,3000
Gog,19463,Gog,18719,2020,3000
Arero,19464,Arero,18764,2017,3000
Dire,19465,Dire,18837,2017,3000
Sekota Zuria,19466,Sekota Zuria,18657,2017,3000
Meta,19467,Meta,18959,2017,3000
Hawassa City,19468,Hawassa City,19198,2015,3000
Gololcha,19469,Gololcha,18877,2017,3000
Yabello,19470,Yabello,19035,2017,3000
Ginnir,19471,Ginir,18869,2017,3000
Moyale,19472,Moyale,18968,2017,3000
Babile,19473,Babile,19049,2017,3000
Saba Boru,19474,Saba boru,18992,2017,3000
Odo Shakiso,19475,Odo Shakiso,18982,2017,3000
Uraga,19476,Uraga,19023,2017,3000
Guduru,19477,Guduru,18884,2017,3000
Horo,19478,Horo,18907,2017,3000
Dedo,19479,Deddo,18820,2017,3000
Omo Nada,19480,Omo Nada,18983,2017,3000
Arsi Negele,19481,Arsi Negele,18765,2017,3000
Bule Hora,19483,Bule Hora,18796,2017,3000
Mi'eso,19484,Mi'eso,18966,2017,3000
Jeldu,19485,Jeldu,18916,2017,3000
Meta Robi,19486,Meta Robi,18960,2017,3000
Nedjo Rural,19488,Nedjo Rural,18971,2017,3000
Mene Sibu,19489,Mene Sibu,18949,2017,3000
Kebribeyah,19490,Kebribeyah,19093,2017,3000
Liben,19491,Liben,18945,2017,3000
Salahad,19492,Salahad,19107,2017,3000
Qubi,19493,Qubi,19104,2017,3000
Awbare,19494,Awbare,19047,2017,3000
Dobowayn,19495,Dobowayn,19065,2017,3000
Moyale,19496,Moyale,19100,2017,3000
Dhanan,19497,Dhanan,19064,2017,3000
East Emi,19498,East Emi,19089,2017,3000
Sagag,19499,Sagag,19106,2017,3000
Hadhagala,19500,Hadhagala,19084,2017,3000
Itang Special,19501,Itang,18720,2020,3000
Kucha,19502,Kucha,19211,2020,3000
Halaba Town,19503,Halaba,19196,2020,3000
Bensa,19504,Bensa,19139,2020,3000
Boricha,19505,Boricha,19144,2020,3000
Shebedino,19506,Shebedino,19247,2020,3000
Bonke,19507,Bonke,19135,2020,3000
Gambella Town,19508,Gambela Town,19329,2020,3000
Chencha,19509,Chencha,19148,2020,3000
Misrak Badawacho,19511,Misrak Badawacho,19263,2020,3000
Kedida Gamela,19512,Kedida Gamela,19206,2020,3000
Hadero Tunto Zuria,19513,Hadero Tunto Zuria,19194,2020,3000
Kacha Birra,19514,Kacha Birra,19205,2020,3000
Arbegona,19515,Arbegona,19129,2020,3000
Hula,19516,Hula,19202,2020,3000
Wondo Genet,19517,Wendo Genet,19266,2020,3000
Kercha,19518,Kercha,18984,2017,3000
Ejere,19519,Ejere,18848,2017,3000
Diggaa,19521,Diggaa,18832,2017,3000
Dale Wabara,19524,Dale Wabera,18812,2017,3000
Bare,19525,Bare,19050,2017,3000
Galadin,19526,Galadin,19074,2017,3000
Warder,19527,Warder,19527,2019,3000
Chire,19528,Chire,19152,2020,3000
Adagnehagre chako,19529,Chilga 2,19409,2020,3000
Undulu,19530,Menge,18698,2020,3000
Gachit,19531,Menit goldia,19228,2020,3000
Gidi Bench,19532,North Bench,19236,2020,3000
Gori gesha,19533,Menit shasha,19229,2020,3000
Seize town,19534,Shey Bench,19248,2020,3000
Disa Denba,19535,Esara,19178,2020,3000
Kechi,19536,Loma,19218,2020,3000
Mari mansa,19537,Mareka,19223,2020,3000
Tarcha zuria,19538,Tocha,19260,2020,3000
Zabagazo,19539,Gena Boso,19183,2020,3000
Buee town,19540,Sodo,19251,2020,3000
Misrak Meskan,19541,Meskan,19231,2020,3000
South Sodo,19542,Sodo,19251,2020,3000
Bulik Town,19543,Geze Gofa,19180,2020,3000
Kogota,19544,Chencha,19509,2020,3000
Mello Gada,19545,Mellokoza,19220,2020,3000
Chelelektu Town,19546,Kochere,19213,2020,3000
Kedida  Gubeta,19547,Yirgachefe,19271,2020,3000
Rape Woreda,19548,Bule,19145,2020,3000
Emdebibir,19549,Cheha,19149,2020,3000
Ameke,19550,Misha,19232,2020,3000
Gimbichu Town,19551,Soro,19252,2020,3000
Jajura Town,19552,Soro,19252,2020,3000
Mirab Soro,19553,Soro,19252,2020,3000
Siraro Badewacho,19554,Misrak Badawacho,19263,2020,3000
Goba,19555,Decha,19167,2020,3000
Shisho Inde,19556,Chena,19150,2020,3000
Wacha,19557,Chena,19150,2020,3000
Karat Town,19558,Konso,19210,2020,3000
Karat Zuria,19559,Konso,19210,2020,3000
Kena,19560,Konso,19210,2020,3000
Segen Zuria,19561,Konso,19210,2020,3000
East silti,19562,Silti,19250,2020,3000
Kibet Town,19563,Silti,19250,2020,3000
Mitto,19564,Lanforo,19215,2020,3000
Tora Town,19565,Lanforo,19215,2020,3000
Baka Dawula Ari,19566,Debub Ari,19253,2020,3000
Wub Ari,19567,Debub Ari,19253,2020,3000
Bayra Koysha (5 Kebeles),19568,Sodo town,19241,2020,3000
Sodo Town (6 Kebeles),19569,Sodo town,19241,2020,2020
Central Armachiho,19570,Chilga 1,19408,2021,3000
Seize town,19572,Seize town,19534,2021,3000
Gecho Baba,19573,Arba Minch Zuria,19128,2021,3000
Kemba Town,19574,Kemba,19510,2021,3000
Gedeb Town,19575,Gedeb,19181,2021,3000
Enor Ener,19576,Enemorna Ener,19177,2021,3000
Gidole Town,19577,Derashe Special,19159,2021,3000
Abela Abaya,19578,Humbo,19193,2021,3000
Gesuba Town,19579,Ofa,19238,2021,3000
Gununo Town,19580,Damot Sore,19154,2021,3000
Hobicha,19581,Humbo,19193,2021,3000
Kawo Koysha,19582,Kindo Didaye,19208,2021,3000
Tabala Town,19583,Humbo,19193,2021,3000
Aleta Chiko Town,19584,Chuko,19124,2021,3000
Chirone,19585,Hulla,19516,2021,3000
Dara Otilcho,19586,Dara,19165,2021,3000
Hoko,19587,Aroresa,19130,2021,3000
Laska Town,19588,Basketo SP Woreda,19131,2021,3000
Arda JIla,19590,Goro Dola,18880,2021,3000
Lemmi,19591,Bolle Subcity,18490,2021,3000
Lege Hida,52964,Dawe sarar,18828,2014,3000
Basse,47648,Jimara,47650,2021,3000
Lower Fulladou West,47649,Fulladu,47623,2021,3000
Adansi Asokwa,21604,Adansi North,21379,2020,3000
Adansi North,21605,Adansi North,21379,2020,3000
Afigya Kwabre North,21606,Afigya-Kwabre,21381,2020,3000
Afigya Kwabre South,21607,Afigya-Kwabre,21381,2020,3000
Ahafo Ano South West,21608,Ahafo-Ano South,21383,2020,3000
Ahafo Ano South East,21609,Ahafo-Ano South,21383,2020,3000
Amansie South,21610,Amansie West,21385,2020,3000
Amansie West,21611,Amansie West,21385,2020,3000
Atwima Nwabiagya,21612,Atwima-Nwabiagya,21392,2020,3000
Atwima Nwabiagya North,21613,Atwima-Nwabiagya,21392,2020,3000
Ejisu,21614,Ejisu-Juaben,21396,2020,3000
Juaben,21615,Ejisu-Juaben,21396,2020,3000
Asokwa,21616,Kumasi Metropolis,21398,2020,3000
Kwadaso,21617,Kumasi Metropolis,21398,2020,3000
Oforikrom,21618,Kumasi Metropolis,21398,2020,3000
Old Tafo,21619,Kumasi Metropolis,21398,2020,3000
Suame,21620,Kumasi Metropolis,21398,2020,3000
Kumasi Metropolis,21621,Kumasi Metropolis,21398,2020,3000
Adansi Akrofuom,21622,Obuasi Municipal,21401,2020,3000
Obuasi East,21623,Obuasi Municipal,21401,2020,3000
Obuasi Municipal,21624,Obuasi Municipal,21401,2020,3000
Berekum West,21625,Berekum,21415,2020,3000
Berekum,21626,Berekum,21415,2020,3000
Pru West,21627,Pru,21425,2020,3000
Pru East,21628,Pru,21425,2020,3000
Assin Foso,21629,Assin North,21442,2020,3000
Assin North,21630,Assin North,21442,2020,3000
Gomoa Central,21631,Gomoa East,21449,2020,3000
Gomoa East,21632,Gomoa East,21449,2020,3000
Okere,21633,Akwapim North,21458,2020,3000
Akwapim North,21634,Akwapim North,21458,2020,3000
Atiwa East,21635,Atiwa,21462,2020,3000
Atiwa West,21636,Atiwa,21462,2020,3000
Asene Manso Akroso,21637,Birim Central,21464,2020,3000
Birim Central,21638,Birim Central,21464,2020,3000
Achiase,21639,Birim South,21466,2020,3000
Birim South,21640,Birim South,21466,2020,3000
Abuakwa North,21641,East Akim,21469,2020,3000
Abuakwa South,21642,East Akim,21469,2020,3000
Fanteakwa North,21643,Fanteakwa,21470,2020,3000
Fanteakwa South,21644,Fanteakwa,21470,2020,3000
New Juaben North,21645,New Juaben,21479,2020,3000
New Juaben South,21646,New Juaben,21479,2020,3000
Ablekuma Central,21647,Accra Metro,21486,2020,3000
Ablekuma North,21648,Accra Metro,21486,2020,3000
Ablekuma West,21649,Accra Metro,21486,2020,3000
Ayawaso Central,21650,Accra Metro,21486,2020,3000
Ayawaso East,21651,Accra Metro,21486,2020,3000
Ayawaso North,21652,Accra Metro,21486,2020,3000
Ayawaso West,21653,Accra Metro,21486,2020,3000
Korle-Klottey,21654,Accra Metro,21486,2020,3000
Okai Koi North,21655,Accra Metro,21486,2020,3000
Accra Metro,21656,Accra Metro,21486,2020,3000
Weija-Gbawe,21657,Ga South,21494,2020,3000
Ga South,21658,Ga South,21494,2020,3000
Ga North,21659,Ga West,21495,2020,3000
Ga West,21660,Ga West,21495,2020,3000
Krowor,21661,Ledzokuku-Krowor,21499,2020,3000
Ledzokuku,21662,Ledzokuku-Krowor,21499,2020,3000
Tema West,21663,Tema,21502,2020,3000
Tema,21664,Tema,21502,2020,3000
Bunkpurugu-Nakpanduri,21665,Bunkpurugu-Yunyuo,21504,2020,3000
Yunyoo-Nasuan,21666,Bunkpurugu-Yunyuo,21504,2020,3000
Nanton,21667,Savelugu-Nanton,21520,2020,3000
Savelugu,21668,Savelugu-Nanton,21520,2020,3000
North-East Gonja,21669,East Gonja,21507,2020,3000
East Gonja,21670,East Gonja,21507,2020,3000
Bolgatanga East,21671,Bolgatanga Municipal,21533,2020,3000
Bolgatanga Municipal,21672,Bolgatanga Municipal,21533,2020,3000
Garu,21673,Garu-Tempane,21538,2020,3000
Tempane,21674,Garu-Tempane,21538,2020,3000
Anloga,21675,Keta,21567,2020,3000
Keta,21676,Keta,21567,2020,3000
Effia-Kwesimintsim,21677,Sekondi-Takoradi,21596,2020,3000
Sekondi-Takoradi,21678,Sekondi-Takoradi,21596,2020,3000
Baringo Central,54001,BARINGO CENTRAL,53008,2016,3000
Baringo North,54002,BARINGO NORTH,53009,2016,3000
Baringo South,54003,BARINGO CENTRAL,53008,2016,3000
Eldama Ravine,54004,KOIBATEK,53011,2016,3000
Mogotio,54005,KOIBATEK,53011,2016,3000
Tiaty,54006,EAST POKOT,53010,2016,3000
Bomet Central,54007,BOMET,53012,2016,3000
Bomet East,54008,BOMET,53012,2016,3000
Chepalungu,54009,BOMET,53012,2016,3000
Konoin,54010,BURETI,53047,2016,3000
Sotik,54011,SOTIK,53013,2016,3000
Bumula,54012,BUNGOMA SOUTH,53016,2016,3000
Kabucchai,54013,BUNGOMA WEST,53017,2016,3000
Kanduyi,54014,BUNGOMA SOUTH,53016,2016,3000
Kimilili,54015,BUNGOMA NORTH,53015,2016,3000
Mt. Elgon,54016,MT. ELGON,53018,2016,3000
Sirisia,54017,BUNGOMA WEST,53017,2016,3000
Tongaren,54018,BUNGOMA NORTH,53015,2016,3000
Webuye East,54019,BUNGOMA EAST,53014,2016,3000
Webuye West,54020,BUNGOMA EAST,53014,2016,3000
Budalangi,54021,BUNYALA,53019,2016,3000
Butula,54022,BUSIA,53020,2016,3000
Funyula,54023,SAMIA,53021,2016,3000
Matayos,54024,BUSIA,53020,2016,3000
Nambale,54025,BUSIA,53020,2016,3000
Teso North,54026,TESO NORTH,53022,2016,3000
Teso South,54027,TESO SOUTH,53023,2016,3000
Keiyo North,54028,KEIYO,53024,2016,3000
Keiyo South,54029,KEIYO,53024,2016,3000
Marakwet East,54030,MARAKWET,53025,2016,3000
Marakwet West,54031,MARAKWET,53025,2016,3000
Mbeere South,54032,MBEERE,53027,2016,3000
Manyatta,54033,EMBU,53026,2016,3000
Runyenjes,54034,EMBU,53026,2016,3000
Mbeere North,54035,MBEERE,53027,2016,3000
Balambala,54036,GARISSA,53029,2016,3000
Dadaab,54037,LAGDERA,53031,2016,3000
Garisa Township,54038,GARISSA,53029,2016,3000
Fafi,54039,FAFI,53028,2016,3000
Ijara,54040,IJARA,53030,2016,3000
Lagdera,54041,LAGDERA,53031,2016,3000
Homa Bay,54042,HOMA BAY,53032,2016,3000
Kabondo Kasipul,54043,RACHUONYO,53033,2016,3000
Karachuonyo,54044,RACHUONYO,53033,2016,3000
Kasipul,54045,RACHUONYO,53033,2016,3000
Ndhiwa,54046,HOMA BAY,53032,2016,3000
Rangwe,54047,HOMA BAY,53032,2016,3000
Mbita,54048,SUBA,53034,2016,3000
Suba,54049,SUBA,53034,2016,3000
Isiolo North,54050,ISIOLO,53036,2016,3000
Isiolo South,54051,GARBATULA,53035,2016,3000
Kajiado Central,54052,KAJIADO CENTRAL (KAJIADO SOUTH),53037,2016,3000
Kajiado East,54053,KAJIADO CENTRAL (KAJIADO SOUTH),53037,2016,3000
Kajiado North,54054,KAJIADO NORTH,53038,2016,3000
Kajiado South,54055,LOITOKTOK,53039,2016,3000
Kajiado West,54056,KAJIADO NORTH,53038,2016,3000
Butere,54057,BUTERE,53040,2016,3000
Ikolmani,54058,KAKAMEGA SOUTH,53044,2016,3000
Khwisero,54059,BUTERE,53040,2016,3000
Likuyani,54060,LUGARI,53045,2016,3000
Lugari,54061,LUGARI,53045,2016,3000
Lurambi,54062,KAKAMEGA CENTRAL,53041,2016,3000
Malava,54063,KAKAMEGA NORTH,53043,2016,3000
Matungu,54064,MUMIAS,53046,2016,3000
Mumias East,54065,MUMIAS,53046,2016,3000
Mumias West,54066,MUMIAS,53046,2016,3000
Navakholo,54067,KAKAMEGA CENTRAL,53041,2016,3000
Shinayalu,54068,KAKAMEGA EAST,53042,2016,3000
Ainamoi,54069,KERICHO,53048,2016,3000
Belgut,54070,KERICHO,53048,2016,3000
Buret,54071,BURETI,53047,2016,3000
Kipkelion East,54072,KIPKELION,53049,2016,3000
Kipkelion West,54073,KIPKELION,53049,2016,3000
Sigowet-Soin,54074,KERICHO,53048,2016,3000
Gatundu North,54075,GATUNDU,53050,2016,3000
Gatundu South,54076,GATUNDU,53050,2016,3000
Githunguri,54077,GITHUNGURI,53051,2016,3000
Juja,54078,THIKA WEST,53058,2016,3000
Kabete,54079,KIKUYU,53054,2016,3000
Kiambaa,54080,KIAMBU,53052,2016,3000
Kiambu,54081,KIAMBU,53052,2016,3000
Kikuyu,54082,KIKUYU,53054,2016,3000
Lari,54083,LARI,53055,2016,3000
Limuru,54084,KIAMBU WEST,53053,2016,3000
Ruiru,54085,RUIRU,53056,2016,3000
Thika Town,54086,THIKA WEST,53058,2016,3000
Ganze,54087,KILIFI,53060,2016,3000
Kaloleni,54088,KALOLENI,53059,2016,3000
Kilifi North,54089,KILIFI,53060,2016,3000
Kilifi South,54090,KILIFI,53060,2016,3000
Magarini,54091,MALINDI,53061,2016,3000
Malindi,54092,MALINDI,53061,2016,3000
Rabai,54093,KALOLENI,53059,2016,3000
Gichugu,54094,KIRINYANGA,53062,2016,3000
Kirinyaga Central,54095,KIRINYANGA,53062,2016,3000
Mwea,54096,KIRINYANGA,53062,2016,3000
Ndia,54097,KIRINYANGA,53062,2016,3000
Bobasi,54098,GUCHA,53063,2016,3000
Bomachoge Borabu,54099,GUCHA,53063,2016,3000
Bomachoge Chache,54100,GUCHA,53063,2016,3000
Bonchari,54101,KISII SOUTH,53066,2016,3000
Kitutu Chache North,54102,KISII CENTRAL,53065,2016,3000
Kitutu Chache South,54103,KISII CENTRAL,53065,2016,3000
Nyaribari Chache,54104,KISII CENTRAL,53065,2016,3000
Nyaribari Masaba,54105,MASABA,53067,2016,3000
South Mugirango,54106,GUCHA SOUTH,53064,2016,3000
Kisumu Central,54107,KISUMU EAST,53068,2016,3000
Kisumu East,54108,KISUMU EAST,53068,2016,3000
Kisumu West,54109,KISUMU EAST,53068,2016,3000
Muhoroni,54110,NYANDO,53070,2016,3000
Nyakach,54111,NYANDO,53070,2016,3000
Nyando,54112,KISUMU EAST,53068,2016,3000
Seme,54113,KISUMU WEST,53069,2016,3000
Kitui Central,54114,KITUI,53071,2016,3000
Kitui East,54115,KITUI,53071,2016,3000
Kitui Rural,54116,KITUI,53071,2016,3000
Kitui South,54117,MUTOMO,53073,2016,3000
Kitui West,54118,KITUI,53071,2016,3000
Mwingi Central,54119,MWINGI,53074,2016,3000
Mwingi North,54120,KYUSO,53072,2016,3000
Mwingi West,54121,MWINGI,53074,2016,3000
Kinango,54122,KINANGO,53075,2016,3000
Lunga Lunga,54123,MSAMBWENI,53077,2016,3000
Matuga,54124,KWALE,53076,2016,3000
Msambweni,54125,MSAMBWENI,53077,2016,3000
Laikipia East,54126,LAIKIPIA WEST,53080,2016,3000
Laikipia North,54127,LAIKIPIA EAST,53078,2016,3000
Laikipia West,54128,LAIKIPIA EAST,53078,2016,3000
Lamu East,54129,LAMU,53081,2016,3000
Lamu West,54130,LAMU,53081,2016,3000
Kangundo,54131,KANGUNDO,53082,2016,3000
Kathiani,54132,MACHAKOS,53083,2016,3000
Machakos,54133,MACHAKOS,53083,2016,3000
Masinga,54134,YATTA,53085,2016,3000
Matungulu,54135,KANGUNDO,53082,2016,3000
Mavoko,54136,MACHAKOS,53083,2016,3000
Mwala,54137,MWALA,53084,2016,3000
Yatta,54138,YATTA,53085,2016,3000
Kaiti,54139,MAKUENI,53087,2016,3000
Kibwezi East,54140,KIBWEZI,53086,2016,3000
Kibwezi West,54141,KIBWEZI,53086,2016,3000
Kilome,54142,NZAUI,53089,2016,3000
Makueni,54143,MAKUENI,53087,2016,3000
Mbooni,54144,MBOONI,53088,2016,3000
Banissa,54145,MANDERA WEST,53092,2016,3000
Lafey,54146,MANDERA EAST,53091,2016,3000
Mandera East,54147,MANDERA EAST,53091,2016,3000
Mandera North,54148,MANDERA CENTRAL,53090,2016,3000
Mandera South,54149,MANDERA CENTRAL,53090,2016,3000
Mandera West,54150,MANDERA WEST,53092,2016,3000
Laisamis,54151,LAISAMIS,53094,2016,3000
Moyale,54152,MOYALE,53096,2016,3000
North Horr,54153,CHALBI,53093,2016,3000
Saku,54154,MARSABIT,53095,2016,3000
Buuri,54155,IMENTI NORTH,53098,2016,3000
Central Imenti,54156,MERU CENTRAL,53100,2016,3000
Igembe Central,54157,IGEMBE,53097,2016,3000
Igembe North,54158,IGEMBE,53097,2016,3000
Igembe South,54159,IGEMBE,53097,2016,3000
Imenti North,54160,IMENTI NORTH,53098,2016,3000
Imenti South,54161,IMENTI SOUTH,53099,2016,3000
Tigania East,54162,TIGANIA,53101,2016,3000
Tigania West,54163,TIGANIA,53101,2016,3000
Awendo,54164,RONGO,53105,2016,3000
Kuria East,54165,KURIA EAST,53102,2016,3000
Kuria West,54166,KURIA WEST,53103,2016,3000
Nyatike,54167,MIGORI,53104,2016,3000
Rongo,54168,RONGO,53105,2016,3000
Suna East,54169,MIGORI,53104,2016,3000
Suna West,54170,MIGORI,53104,2016,3000
Uriri,54171,RONGO,53105,2016,3000
Changamwe,54172,KILINDINI,53106,2016,3000
Jomvu,54173,KILINDINI,53106,2016,3000
Kisauni,54174,MOMBASA,53107,2016,3000
Likoni,54175,KILINDINI,53106,2016,3000
Mvita,54176,MOMBASA,53107,2016,3000
Nyali,54177,MOMBASA,53107,2016,3000
Gatanga,54178,GATANGA,53108,2016,3000
Kandara,54179,MURANGA SOUTH,53110,2016,3000
Kangema,54180,MURANGA NORTH,53109,2016,3000
Kigumo,54181,MURANGA SOUTH,53110,2016,3000
Kiharu,54182,MURANGA NORTH,53109,2016,3000
Maragwa,54183,MURANGA SOUTH,53110,2016,3000
Mathioya,54184,MURANGA NORTH,53109,2016,3000
Dagoretti South,54185,NAIROBI WEST,53113,2016,3000
Embakasi Central,54186,NAIROBI EAST,53111,2016,3000
Embakasi East,54187,NAIROBI EAST,53111,2016,3000
Embakasi North,54188,NAIROBI NORTH,53112,2016,3000
Embakasi South,54189,NAIROBI EAST,53111,2016,3000
Embakasi West,54190,NAIROBI EAST,53111,2016,3000
Kamukunji,54191,NAIROBI NORTH,53112,2016,3000
Kasarani,54192,NAIROBI EAST,53111,2016,3000
Kibra,54193,NAIROBI WEST,53113,2016,3000
Dagoretti North,54194,WESTLANDS,53114,2016,3000
Langata,54195,NAIROBI WEST,53113,2016,3000
Makadara,54196,NAIROBI EAST,53111,2016,3000
Mathare,54197,NAIROBI NORTH,53112,2016,3000
Roysambu,54198,NAIROBI NORTH,53112,2016,3000
Ruaraka,54199,NAIROBI NORTH,53112,2016,3000
Starehe,54200,NAIROBI EAST,53111,2016,3000
Westlands,54201,WESTLANDS,53114,2016,3000
Bahati,54202,NAKURU NORTH,53118,2016,3000
Emurua Dikirr,54203,KURIA EAST,53102,2016,3000
Gilgil,54204,NAIVASHA,53116,2016,3000
Kilgoris,54205,KURIA EAST,53102,2016,3000
Kuresoi North,54206,MOLO,53115,2016,3000
Kuresoi South,54207,MOLO,53115,2016,3000
Molo,54208,MOLO,53115,2016,3000
Naivasha,54209,NAIVASHA,53116,2016,3000
Nakuru Town East,54210,NAKURU,53117,2016,3000
Nakuru Town West,54211,NAKURU,53117,2016,3000
Narok West,54212,KURIA EAST,53102,2016,3000
Njoro,54213,MOLO,53115,2016,3000
Rongai,54214,NAKURU,53117,2016,3000
Subukia,54215,NAKURU NORTH,53118,2016,3000
Aldai,54216,NANDI SOUTH,53122,2016,3000
Chesumei,54217,NANDI CENTRAL,53119,2016,3000
Emgwen,54218,NANDI CENTRAL,53119,2016,3000
Mosop,54219,NANDI NORTH,53121,2016,3000
Nandi Hills,54220,NANDI EAST,53120,2016,3000
Tinderet,54221,TINDERET,53123,2016,3000
Narok East,54222,KURIA EAST,53102,2016,3000
Narok North,54223,KURIA EAST,53102,2016,3000
Narok South,54224,KURIA EAST,53102,2016,3000
Borabu,54225,BORABU,53127,2016,3000
Kitutu Masaba,54226,MASABA,53067,2016,3000
North Mugirango,54227,NYAMIRA,53129,2016,3000
West Mugirango,54228,NYAMIRA,53129,2016,3000
Kinangop,54229,NYANDARUA SOUTH,53131,2016,3000
Kipipiri,54230,NYANDARUA SOUTH,53131,2016,3000
Ndaragwa,54231,NYANDARUA NORTH,53130,2016,3000
Ol Joro Orok,54232,NYANDARUA NORTH,53130,2016,3000
Ol Kalou,54233,NYANDARUA NORTH,53130,2016,3000
Kieni,54234,NYERI NORTH,53132,2016,3000
Mathira,54235,NYERI NORTH,53132,2016,3000
Mukurweini,54236,NYERI SOUTH,53133,2016,3000
Nyeri Town,54237,NYERI SOUTH,53133,2016,3000
Othaya,54238,NYERI SOUTH,53133,2016,3000
Tetu,54239,NYERI SOUTH,53133,2016,3000
Samburu East,54240,SAMBURU EAST,53138,2016,3000
Samburu North,54241,SAMBURU CENTRAL,53137,2016,3000
Samburu West,54242,SAMBURU CENTRAL,53137,2016,3000
Alego Usonga,54243,SIAYA,53142,2016,3000
Bondo,54244,BONDO,53140,2016,3000
Gem,54245,SIAYA,53142,2016,3000
Rarieda,54246,RARIEDA,53141,2016,3000
Ugenya,54247,SIAYA,53142,2016,3000
Ugunja,54248,SIAYA,53142,2016,3000
Mwatate,54249,TAITA,53143,2016,3000
Taveta,54250,TAVETA,53144,2016,3000
Voi,54251,TAITA,53143,2016,3000
Wundanyi,54252,TAITA,53143,2016,3000
Bura,54253,TANA RIVER,53146,2016,3000
Galole,54254,TANA RIVER,53146,2016,3000
Garsen,54255,TANA DELTA,53145,2016,3000
Maara,54256,MAARA,53147,2016,3000
Chuka,54257,MERU SOUTH,53148,2016,3000
Tharaka,54258,THARAKA,53149,2016,3000
Cherangany,54259,TRANS NZOIA EAST,53151,2016,3000
Endebes,54260,KWANZA,53150,2016,3000
Kiminini,54261,TRANS NZOIA WEST,53152,2016,3000
Kwanza,54262,KWANZA,53150,2016,3000
Saboti,54263,TRANS NZOIA WEST,53152,2016,3000
Loima,54264,TURKANA CENTRAL,53153,2016,3000
Turkana Central,54265,TURKANA CENTRAL,53153,2016,3000
Turkana East,54266,TURKANA SOUTH,53155,2016,3000
Turkana North,54267,TURKANA NORTH,53154,2016,3000
Turkana South,54268,TURKANA SOUTH,53155,2016,3000
Turkana West,54269,TURKANA NORTH,53154,2016,3000
Ainabkoi,54270,ELDORET EAST,53156,2016,3000
Kapseret,54271,WARENG,53158,2016,3000
Kesses,54272,WARENG,53158,2016,3000
Moiben,54273,ELDORET EAST,53156,2016,3000
Soy,54274,ELDORET WEST,53157,2016,3000
Turbo,54275,ELDORET WEST,53157,2016,3000
Emuhaya,54276,EMUHAYA,53159,2016,3000
Hamisi,54277,HAMISI,53160,2016,3000
Luanda,54278,EMUHAYA,53159,2016,3000
Sabatia,54279,VIHIGA,53161,2016,3000
Vihiga,54280,VIHIGA,53161,2016,3000
Eldas,54281,WAJIR WEST,53165,2016,3000
Tarbaj,54282,WAJIR EAST,53162,2016,3000
Wajir East,54283,WAJIR EAST,53162,2016,3000
Wajir North,54284,WAJIR NORTH,53163,2016,3000
Wajir South,54285,WAJIR SOUTH,53164,2016,3000
Wajir West,54286,WAJIR WEST,53165,2016,3000
Kacheliba,54287,POKOT NORTH,53135,2016,3000
Kapenguria,54288,WEST POKOT,53136,2016,3000
Pokot South,54289,POKOT CENTRAL,53134,2016,3000
Sigor,54290,POKOT CENTRAL,53134,2016,3000
Almoustrat,30035,Bourem,29979,2018,3000
Anderamboukane,30036,Menaka,29981,2018,3000
Inekar,30037,Menaka,29981,2018,3000
Tindermen,30038,Menaka,29981,2018,3000
Sagabari,30039,Kita,29986,2016,3000
Sefeto,30040,Kita,29986,2016,3000
Achouratt,30041,Tombouctou,30034,2018,3000
Al-Ourch,30042,Tombouctou,30034,2018,3000
Arawane,30043,Tombouctou,30034,2018,3000
Boujbeha,30044,Tombouctou,30034,2018,3000
Foum-Alba,30045,Tombouctou,30034,2018,3000
Taoudéni,30046,Tombouctou,30034,2018,3000
Ghabou,31091,Selibaby,31057,2019,3000
Benichab,31092,Akjoujt,31068,2019,3000
Macate,33154,Gondola,33152,2016,3000
Vanduze,33161,Manica,33157,2016,3000
Larde,33176,Moma,33184,2016,3000
Liupo,33177,Mogincual,33182,2016,3000
Doa,33229,Mutarara,33235,2016,3000
Marara,33232,Changara,33225,2016,3000
Derre,33240,Morrumbala,33254,2016,3000
Luabo,33245,Chinde,33238,2016,3000
Mocubela,33250,Maganja da Costa,33247,2016,3000
Molubo,33252,Milange,33248,2016,3000
Mulevala,33255,Ile,33243,2016,3000
Chongoene (city),33260,Cidade de Xai-Xai,33128,2016,3000
Mapai (city),33262,Chicualacuala,33125,2016,3000
Arlit,35337,Arlit,35295,2020,3000
Iférouane,35338,Arlit,35295,2020,3000
Tchirozérine,35339,Tchiro,35297,2020,3000
Ingall,35340,Tchiro,35297,2020,3000
Aderbissinat,35341,Tchiro,35297,2020,3000
Diffa,35342,DIFFA,35298,2020,3000
Bosso,35343,DIFFA,35298,2020,3000
Mainé Soroa,35344,MAINE,35299,2020,3000
Goudoumaria,35345,MAINE,35299,2020,3000
N'Guigmi,35346,N GUIGMI,35300,2020,3000
N'Gourti,35347,N GUIGMI,35300,2020,3000
Boboye,35348,Boboye,35301,2020,3000
Falmey,35349,Boboye,35301,2020,3000
Doutchi,35350,Dogondoutchi,35303,2020,3000
Tibiri(Doutchi),35351,Dogondoutchi,35303,2020,3000
Gaya,35352,Gaya,35304,2020,3000
Dioundiou,35353,Gaya,35304,2020,3000
Aguié,35354,Aguie,35306,2020,3000
Gazaoua,35355,Aguie,35306,2020,3000
Dakoro,35356,Dakoro,35307,2020,3000
Bermo,35357,Dakoro,35307,2020,3000
Niamey 1,35358,Niamey 1,35313,2020,3000
Niamey 2,35359,Niamey 1,35313,2020,3000
Niamey 3,35360,Niamey 2,35314,2020,3000
Niamey 4,35361,Niamey 2,35314,2020,3000
Birnin' Konni,35362,BIRNI N'KONNI,35317,2020,3000
Malbaza,35363,BIRNI N'KONNI,35317,2020,3000
Illela,35364,Illela,35319,2020,3000
Bagaroua,35365,Illela,35319,2020,3000
Tahoua,35366,Tahoua dep,35324,2020,3000
Tahoua commune,35367,Tahoua dep,35324,2020,3000
Tchintabaraden,35368,TCHIN TABARADEN,35323,2020,3000
Tassara,35369,TCHIN TABARADEN,35323,2020,3000
Tillia,35370,TCHIN TABARADEN,35323,2020,3000
Fillingue,35371,Filingué,35325,2020,3000
Abala,35372,Filingué,35325,2020,3000
Baleyara,35373,Filingué,35325,2020,3000
Ouallam,35374,Ouallam,35327,2020,3000
Banibangou,35375,Ouallam,35327,2020,3000
Say,35376,Say,35328,2020,3000
Torodi,35377,Say,35328,2020,3000
Tera,35378,Téra,35329,2020,3000
Bankilare,35379,Téra,35329,2020,3000
Gothèye,35380,Téra,35329,2020,3000
Tillaberi,35381,Tillabéri,35330,2020,3000
Ayerou,35382,Tillabéri,35330,2020,3000
Goure,35383,Gouré,35331,2020,3000
Tesker,35384,Gouré,35331,2020,3000
Magaria,35385,Magaria,35332,2020,3000
Dungass,35386,Magaria,35332,2020,3000
Mirriah,35387,Mirriah,35334,2020,3000
Damagaram Takaya,35388,Mirriah,35334,2020,3000
Takeita,35389,Mirriah,35334,2020,3000
Tanout,35390,Tanout,35335,2020,3000
Belbéji,35391,Tanout,35335,2020,3000
Keur Massar,40227,Keur Massar,40153,2020,3000
Yeumbeul,40228,Keur Massar,40153,2020,3000
Sangalkam,40229,Rufisque,40158,2020,3000
Diakhao,40231,Fatick,40165,2020,3000
Karene,42267,Bombali,42256,2020,3000
Falaba,42268,Koinadugu,42258,2020,3000
Alfred Nzo,43267,Eastern Cape,43258,2017,3000
Amatole,43268,Eastern Cape,43258,2017,3000
Buffalo City,43269,Eastern Cape,43258,2017,3000
Chris Hani,43270,Eastern Cape,43258,2017,3000
Ukwahlamba,43271,Eastern Cape,43258,2017,3000
Nelson Mandela,43272,Eastern Cape,43258,2017,3000
O.R.Tambo,43273,Eastern Cape,43258,2017,3000
Sarah Baartman,43274,Eastern Cape,43258,2017,3000
Northern Free State,43275,Free State,43259,2017,3000
Lejweleputswa,43276,Free State,43259,2017,3000
Motheo,43277,Free State,43259,2017,3000
Thabo Mofutsanyane,43278,Free State,43259,2017,3000
Xhariep,43279,Free State,43259,2017,3000
Greater East Rand Metro,43280,Gauteng,43260,2017,3000
City Of Johannesburg,43281,Gauteng,43260,2017,3000
Sedibeng,43282,Gauteng,43260,2017,3000
Tshwane Metropolitan,43283,Gauteng,43260,2017,3000
West Rand,43284,Gauteng,43260,2017,3000
Amajuba,43285,Kwazulu-Natal,43261,2017,3000
Harry Gwala,43286,Kwazulu-Natal,43261,2017,3000
Ugu,43287,Kwazulu-Natal,43261,2017,3000
Umkhanyakude,43288,Kwazulu-Natal,43261,2017,3000
Umzinyathi,43289,Kwazulu-Natal,43261,2017,3000
Uthukela,43290,Kwazulu-Natal,43261,2017,3000
Uthungulu,43291,Kwazulu-Natal,43261,2017,3000
Zululand,43292,Kwazulu-Natal,43261,2017,3000
Durban,43293,Kwazulu-Natal,43261,2017,3000
Ilembe,43294,Kwazulu-Natal,43261,2017,3000
uMgungundlovu,43295,Kwazulu-Natal,43261,2017,3000
Central,43296,Limpopo,43262,2017,3000
Mopani,43297,Limpopo,43262,2017,3000
Sekhukhune,43298,Limpopo,43262,2017,3000
Vhembe,43299,Limpopo,43262,2017,3000
Waterberg,43300,Limpopo,43262,2017,3000
Ehlanzeni,43301,Mpumalanga,43263,2017,3000
Eastvaal,43302,Mpumalanga,43263,2017,3000
Ngankala,43303,Mpumalanga,43263,2017,3000
Bojanala Platinum,43304,North West,43264,2017,3000
Dr Kenneth Kaunda,43305,North West,43264,2017,3000
Ngaka Modiri Molema,43306,North West,43264,2017,3000
Dr Ruth Segomotsi Mompati,43307,North West,43264,2017,3000
Diamantveld,43308,Northern Cape,43265,2017,3000
Kalahari-Kgalagadi,43309,Northern Cape,43265,2017,3000
Namakwa,43310,Northern Cape,43265,2017,3000
Bo-Karoo,43311,Northern Cape,43265,2017,3000
Benede Oranje,43312,Northern Cape,43265,2017,3000
Cape Town,43313,Western Cape,43266,2017,3000
Boland,43314,Western Cape,43266,2017,3000
Central Karoo,43315,Western Cape,43266,2017,3000
Garden Route/Klein Karoo,43316,Western Cape,43266,2017,3000
Overberg,43317,Western Cape,43266,2017,3000
West Coast,43318,Western Cape,43266,2017,3000
Tarime Town Council,46532,Tarime,46531,2016,3000
Dar es Salaam City Council,46623,Ilala Municipal,46466,2016,3000
Kigamboni Municipal Council,46624,Ilala Municipal,46466,2016,3000
Ubungo Municipal Council,46625,Ilala Municipal,46466,2016,3000
Kondoa Town Council,46626,Kondoa,46473,2016,3000
Mpimbwe District Council,46628,Mlele,46494,2016,3000
Mbulu Town Council,46630,Mbulu,46523,2016,3000
Bunda Town Council,46631,Bunda,46525,2016,3000
Ifakara Town Council,46632,Kilombero,46545,2016,3000
Malinyi District Council,46633,Ulanga,46550,2016,3000
Nanyamba District Council,46634,Mtwara,46553,2016,3000
Newala Town Council,46635,Newala,46556,2016,3000
Buchosa District Council,46636,Sengerema,46563,2016,3000
Chalinze District Council,46638,Bagamoyo,46571,2016,3000
Kibiti District Council,46639,Rufiji,46577,2016,3000
Madaba District Council,46640,Songea,46585,2016,3000
Mbinga Town Council,46641,Mbinga,46582,2016,3000
Itigi District Council,46644,Manyoni,46601,2016,3000
Songwe District Council,46645,Mbozi District Council,46540,2016,3000
Nzega Town Council,46646,Nzega,46607,2016,3000
Magharibi B,51902,Magharibi A,51900,2018,3000
MÔ,48706,SOTOUBOUA,48667,2019,3000
SOTOUBOUA,48707,SOTOUBOUA,48667,2019,3000
KPENDJAL,48708,KPENDJAL,48702,2020,3000
KPENDJAL OUEST,48709,KPENDJAL,48702,2020,3000
OTI,48710,OTI,48703,2020,3000
OTI SUD,48711,OTI,48703,2020,3000
GOLFE,48712,GOLFE,48679,2020,3000
AGOE-NYIVE,48713,GOLFE,48679,2020,3000
Omoro,49818,Gulu,49734,2017,3000
Kyotera,49823,Rakai,49807,2019,3000
Butebo,49824,Pallisa,49804,2019,3000
Nabilatuk,49826,Nakapiripirit,49794,2019,3000
Pakwach,49827,Nebbi,49793,2019,3000
Bunyangabu,49828,Kabarole,49742,2019,3000
Rukiga,49829,Kabale,49741,2019,3000
Kassanda,49830,Mubende,49790,2020,3000
Kapelebyong,49832,Amuria,49709,2020,3000
Bugweri,49833,Iganga,49738,2020,3000
Namisindwa,49834,Manafwa,49777,2019,3000
Kwania,49835,Apac,49711,2020,3000
MadI-Okollo,49836,Arua,49712,2020,3000
Karenga,49837,Kaabong,49744,2020,3000
Obongi,49838,Moyo,49782,2020,3000
Kikuube,49839,Hoima,49736,2020,3000
Kitagwenda,49840,Kamwenge,49748,2020,3000
Kazo,49841,Kiruhura,49764,2020,3000
Rwampara,49842,Mbarara,49786,2020,3000
Kalaki,49843,Kaberamaido,49743,2021,3000
Chasefu,53197,Lundazi,50839,2021,3000
Chipangali,53198,Chipata,50837,2021,3000
Kasenengwa,53199,Chipata,50837,2021,3000
Lumezi,53200,Lundazi,50839,2021,3000
Lusangazi,53201,Petauke,50842,2021,3000
Chifunabuli,53202,Samfya,50849,2021,3000
Kanchibaya,53203,Mpika,50869,2021,3000
Lavushimanda,53204,Mpika,50869,2021,3000
Kalumbila,53205,Solwezi,50860,2021,3000
Mushindano,53206,Solwezi,50860,2021,3000
Lunte,53207,Mporokoso,50870,2021,3000
Lupososhi,53208,Luwingu,50867,2021,3000
Senga,53209,Mbala,50868,2021,3000
